number,code,country_code,team,player_name,section,sticker_type,is_special,source_name,source_url,verified_at
1,00,PAN,Panini,Panini Logo - We Are Panini,Panini,panini_logo,true,Scanini Panini World Cup 2026 checklist,https://scanini.app/stickers/panini-logo,
2,FWC 1,FWC,World Cup History,Official Emblem,World Cup History,official_emblem,true,Scanini Panini World Cup 2026 checklist,https://scanini.app/stickers/world-cup-history-1-official-emblem,
3,FWC 2,FWC,World Cup History,Official Emblem,World Cup History,official_emblem,true,Scanini Panini World Cup 2026 checklist,https://scanini.app/stickers/world-cup-history-2-official-emblem,
4,FWC 3,FWC,World Cup History,Official Mascots,World Cup History,mascot,true,Scanini Panini World Cup 2026 checklist,https://scanini.app/stickers/world-cup-history-3-official-mascots,
5,FWC 4,FWC,World Cup History,Official Slogan,World Cup History,official_slogan,true,Scanini Panini World Cup 2026 checklist,https://scanini.app/stickers/world-cup-history-4-official-slogan,
6,FWC 5,FWC,World Cup History,Official Ball,World Cup History,official_ball,true,Scanini Panini World Cup 2026 checklist,https://scanini.app/stickers/world-cup-history-5-official-ball,
7,FWC 6,FWC,World Cup History,Canada - Host Countries & Cities,World Cup History,host_city,true,Scanini Panini World Cup 2026 checklist,https://scanini.app/stickers/world-cup-history-6-canada-host-countries-cities,
8,FWC 7,FWC,World Cup History,Mexico - Host Countries & Cities,World Cup History,host_city,true,Scanini Panini World Cup 2026 checklist,https://scanini.app/stickers/world-cup-history-7-mexico-host-countries-cities,
9,FWC 8,FWC,World Cup History,USA - Host Countries & Cities,World Cup History,host_city,true,Scanini Panini World Cup 2026 checklist,https://scanini.app/stickers/world-cup-history-8-usa-host-countries-cities,
10,FWC 9,FWC,World Cup History,Italy 1934 - World Cup History,World Cup History,history,true,Scanini Panini World Cup 2026 checklist,https://scanini.app/stickers/world-cup-history-9-italy-1934-world-cup-history,
11,FWC 10,FWC,World Cup History,Uruguay 1950 - World Cup History,World Cup History,history,true,Scanini Panini World Cup 2026 checklist,https://scanini.app/stickers/world-cup-history-10-uruguay-1950-world-cup-history,
12,FWC 11,FWC,World Cup History,West Germany 1954 - World Cup History,World Cup History,history,true,Scanini Panini World Cup 2026 checklist,https://scanini.app/stickers/world-cup-history-11-west-germany-1954-world-cup-history,
13,FWC 12,FWC,World Cup History,Brazil 1962 - World Cup History,World Cup History,history,true,Scanini Panini World Cup 2026 checklist,https://scanini.app/stickers/world-cup-history-12-brazil-1962-world-cup-history,
14,FWC 13,FWC,World Cup History,West Germany 1974 - World Cup History,World Cup History,history,true,Scanini Panini World Cup 2026 checklist,https://scanini.app/stickers/world-cup-history-13-west-germany-1974-world-cup-history,
15,FWC 14,FWC,World Cup History,Argentina 1986 - World Cup History,World Cup History,history,true,Scanini Panini World Cup 2026 checklist,https://scanini.app/stickers/world-cup-history-14-argentina-1986-world-cup-history,
16,FWC 15,FWC,World Cup History,Brazil 1994 - World Cup History,World Cup History,history,true,Scanini Panini World Cup 2026 checklist,https://scanini.app/stickers/world-cup-history-15-brazil-1994-world-cup-history,
17,FWC 16,FWC,World Cup History,Brazil 2002 - World Cup History,World Cup History,history,true,Scanini Panini World Cup 2026 checklist,https://scanini.app/stickers/world-cup-history-16-brazil-2002-world-cup-history,
18,FWC 17,FWC,World Cup History,Italy 2006 - World Cup History,World Cup History,history,true,Scanini Panini World Cup 2026 checklist,https://scanini.app/stickers/world-cup-history-17-italy-2006-world-cup-history,
19,FWC 18,FWC,World Cup History,Germany 2014 - World Cup History,World Cup History,history,true,Scanini Panini World Cup 2026 checklist,https://scanini.app/stickers/world-cup-history-18-germany-2014-world-cup-history,
20,FWC 19,FWC,World Cup History,Argentina 2022 - World Cup History,World Cup History,history,true,Scanini Panini World Cup 2026 checklist,https://scanini.app/stickers/world-cup-history-19-argentina-2022-world-cup-history,
21,ALG 1,ALG,Algeria,Team Logo,Algeria,team_logo,true,Scanini Panini World Cup 2026 checklist,https://scanini.app/stickers/algeria-1-team-logo,
22,ALG 2,ALG,Algeria,Alexis Guendouz,Algeria,player,false,Scanini Panini World Cup 2026 checklist,https://scanini.app/stickers/algeria-2-alexis-guendouz,
23,ALG 3,ALG,Algeria,Ramy Bensebaini,Algeria,player,false,Scanini Panini World Cup 2026 checklist,https://scanini.app/stickers/algeria-3-ramy-bensebaini,
24,ALG 4,ALG,Algeria,Youcef Atal,Algeria,player,false,Scanini Panini World Cup 2026 checklist,https://scanini.app/stickers/algeria-4-youcef-atal,
25,ALG 5,ALG,Algeria,Rayan Aït-Nouri,Algeria,player,false,Scanini Panini World Cup 2026 checklist,https://scanini.app/stickers/algeria-5-rayan-ait-nouri,
26,ALG 6,ALG,Algeria,Mohamed Amine Tougai,Algeria,player,false,Scanini Panini World Cup 2026 checklist,https://scanini.app/stickers/algeria-6-mohamed-amine-tougai,
27,ALG 7,ALG,Algeria,Aïssa Mandi,Algeria,player,false,Scanini Panini World Cup 2026 checklist,https://scanini.app/stickers/algeria-7-aissa-mandi,
28,ALG 8,ALG,Algeria,Ismael Bennacer,Algeria,player,false,Scanini Panini World Cup 2026 checklist,https://scanini.app/stickers/algeria-8-ismael-bennacer,
29,ALG 9,ALG,Algeria,Houssem Aquar,Algeria,player,false,Scanini Panini World Cup 2026 checklist,https://scanini.app/stickers/algeria-9-houssem-aquar,
30,ALG 10,ALG,Algeria,Hicham Boudaoui,Algeria,player,false,Scanini Panini World Cup 2026 checklist,https://scanini.app/stickers/algeria-10-hicham-boudaoui,
31,ALG 11,ALG,Algeria,Ramiz Zerrouki,Algeria,player,false,Scanini Panini World Cup 2026 checklist,https://scanini.app/stickers/algeria-11-ramiz-zerrouki,
32,ALG 12,ALG,Algeria,Nabil Bentalab,Algeria,player,false,Scanini Panini World Cup 2026 checklist,https://scanini.app/stickers/algeria-12-nabil-bentalab,
33,ALG 13,ALG,Algeria,Team Photo,Algeria,team_photo,false,Scanini Panini World Cup 2026 checklist,https://scanini.app/stickers/algeria-13-team-photo,
34,ALG 14,ALG,Algeria,Farés Chaibi,Algeria,player,false,Scanini Panini World Cup 2026 checklist,https://scanini.app/stickers/algeria-14-fares-chaibi,
35,ALG 15,ALG,Algeria,Riyad Mahrez,Algeria,player,false,Scanini Panini World Cup 2026 checklist,https://scanini.app/stickers/algeria-15-riyad-mahrez,
36,ALG 16,ALG,Algeria,Said Benrahma,Algeria,player,false,Scanini Panini World Cup 2026 checklist,https://scanini.app/stickers/algeria-16-said-benrahma,
37,ALG 17,ALG,Algeria,Anis Hadj Moussa,Algeria,player,false,Scanini Panini World Cup 2026 checklist,https://scanini.app/stickers/algeria-17-anis-hadj-moussa,
38,ALG 18,ALG,Algeria,Amine Gouiri,Algeria,player,false,Scanini Panini World Cup 2026 checklist,https://scanini.app/stickers/algeria-18-amine-gouiri,
39,ALG 19,ALG,Algeria,Baghdad Bounedjah,Algeria,player,false,Scanini Panini World Cup 2026 checklist,https://scanini.app/stickers/algeria-19-baghdad-bounedjah,
40,ALG 20,ALG,Algeria,Mohammed Amoura,Algeria,player,false,Scanini Panini World Cup 2026 checklist,https://scanini.app/stickers/algeria-20-mohammed-amoura,
41,ARG 1,ARG,Argentina,Team Logo,Argentina,team_logo,true,Scanini Panini World Cup 2026 checklist,https://scanini.app/stickers/argentina-1-team-logo,
42,ARG 2,ARG,Argentina,Emiliano Martinez,Argentina,player,false,Scanini Panini World Cup 2026 checklist,https://scanini.app/stickers/argentina-2-emiliano-martinez,
43,ARG 3,ARG,Argentina,Nahuel Molina,Argentina,player,false,Scanini Panini World Cup 2026 checklist,https://scanini.app/stickers/argentina-3-nahuel-molina,
44,ARG 4,ARG,Argentina,Cristian Romero,Argentina,player,false,Scanini Panini World Cup 2026 checklist,https://scanini.app/stickers/argentina-4-cristian-romero,
45,ARG 5,ARG,Argentina,Nicolas Otamendi,Argentina,player,false,Scanini Panini World Cup 2026 checklist,https://scanini.app/stickers/argentina-5-nicolas-otamendi,
46,ARG 6,ARG,Argentina,Nicolas Tagliafico,Argentina,player,false,Scanini Panini World Cup 2026 checklist,https://scanini.app/stickers/argentina-6-nicolas-tagliafico,
47,ARG 7,ARG,Argentina,Leonardo Balerdi,Argentina,player,false,Scanini Panini World Cup 2026 checklist,https://scanini.app/stickers/argentina-7-leonardo-balerdi,
48,ARG 8,ARG,Argentina,Enzo Fernandez,Argentina,player,false,Scanini Panini World Cup 2026 checklist,https://scanini.app/stickers/argentina-8-enzo-fernandez,
49,ARG 9,ARG,Argentina,Alexis Mac Allister,Argentina,player,false,Scanini Panini World Cup 2026 checklist,https://scanini.app/stickers/argentina-9-alexis-mac-allister,
50,ARG 10,ARG,Argentina,Rodrigo De Paul,Argentina,player,false,Scanini Panini World Cup 2026 checklist,https://scanini.app/stickers/argentina-10-rodrigo-de-paul,
51,ARG 11,ARG,Argentina,Exequiel Palacios,Argentina,player,false,Scanini Panini World Cup 2026 checklist,https://scanini.app/stickers/argentina-11-exequiel-palacios,
52,ARG 12,ARG,Argentina,Leandro Paredes,Argentina,player,false,Scanini Panini World Cup 2026 checklist,https://scanini.app/stickers/argentina-12-leandro-paredes,
53,ARG 13,ARG,Argentina,Team Photo,Argentina,team_photo,false,Scanini Panini World Cup 2026 checklist,https://scanini.app/stickers/argentina-13-team-photo,
54,ARG 14,ARG,Argentina,Nico Paz,Argentina,player,false,Scanini Panini World Cup 2026 checklist,https://scanini.app/stickers/argentina-14-nico-paz,
55,ARG 15,ARG,Argentina,Franco Mastantuono,Argentina,player,false,Scanini Panini World Cup 2026 checklist,https://scanini.app/stickers/argentina-15-franco-mastantuono,
56,ARG 16,ARG,Argentina,Nico Gonzalez,Argentina,player,false,Scanini Panini World Cup 2026 checklist,https://scanini.app/stickers/argentina-16-nico-gonzalez,
57,ARG 17,ARG,Argentina,Lionel Messi,Argentina,player,false,Scanini Panini World Cup 2026 checklist,https://scanini.app/stickers/argentina-17-lionel-messi,
58,ARG 18,ARG,Argentina,Lautaro Martinez,Argentina,player,false,Scanini Panini World Cup 2026 checklist,https://scanini.app/stickers/argentina-18-lautaro-martinez,
59,ARG 19,ARG,Argentina,Julian Alvarez,Argentina,player,false,Scanini Panini World Cup 2026 checklist,https://scanini.app/stickers/argentina-19-julian-alvarez,
60,ARG 20,ARG,Argentina,Giuliano Simeone,Argentina,player,false,Scanini Panini World Cup 2026 checklist,https://scanini.app/stickers/argentina-20-giuliano-simeone,
61,AUS 1,AUS,Australia,Team Logo,Australia,team_logo,true,Scanini Panini World Cup 2026 checklist,https://scanini.app/stickers/australia-1-team-logo,
62,AUS 2,AUS,Australia,Mathew Ryan,Australia,player,false,Scanini Panini World Cup 2026 checklist,https://scanini.app/stickers/australia-2-mathew-ryan,
63,AUS 3,AUS,Australia,Joe Gauci,Australia,player,false,Scanini Panini World Cup 2026 checklist,https://scanini.app/stickers/australia-3-joe-gauci,
64,AUS 4,AUS,Australia,Harry Souttar,Australia,player,false,Scanini Panini World Cup 2026 checklist,https://scanini.app/stickers/australia-4-harry-souttar,
65,AUS 5,AUS,Australia,Alessandro Circati,Australia,player,false,Scanini Panini World Cup 2026 checklist,https://scanini.app/stickers/australia-5-alessandro-circati,
66,AUS 6,AUS,Australia,Jordan Bos,Australia,player,false,Scanini Panini World Cup 2026 checklist,https://scanini.app/stickers/australia-6-jordan-bos,
67,AUS 7,AUS,Australia,Aziz Behich,Australia,player,false,Scanini Panini World Cup 2026 checklist,https://scanini.app/stickers/australia-7-aziz-behich,
68,AUS 8,AUS,Australia,Cameron Burgess,Australia,player,false,Scanini Panini World Cup 2026 checklist,https://scanini.app/stickers/australia-8-cameron-burgess,
69,AUS 9,AUS,Australia,Lewis Miller,Australia,player,false,Scanini Panini World Cup 2026 checklist,https://scanini.app/stickers/australia-9-lewis-miller,
70,AUS 10,AUS,Australia,Milos Degenek,Australia,player,false,Scanini Panini World Cup 2026 checklist,https://scanini.app/stickers/australia-10-milos-degenek,
71,AUS 11,AUS,Australia,Jackson Irvine,Australia,player,false,Scanini Panini World Cup 2026 checklist,https://scanini.app/stickers/australia-11-jackson-irvine,
72,AUS 12,AUS,Australia,Riley McGree,Australia,player,false,Scanini Panini World Cup 2026 checklist,https://scanini.app/stickers/australia-12-riley-mcgree,
73,AUS 13,AUS,Australia,Team Photo,Australia,team_photo,false,Scanini Panini World Cup 2026 checklist,https://scanini.app/stickers/australia-13-team-photo,
74,AUS 14,AUS,Australia,Aiden O'Neill,Australia,player,false,Scanini Panini World Cup 2026 checklist,https://scanini.app/stickers/australia-14-aiden-oneill,
75,AUS 15,AUS,Australia,Connor Metcalfe,Australia,player,false,Scanini Panini World Cup 2026 checklist,https://scanini.app/stickers/australia-15-connor-metcalfe,
76,AUS 16,AUS,Australia,Patrick Yazbek,Australia,player,false,Scanini Panini World Cup 2026 checklist,https://scanini.app/stickers/australia-16-patrick-yazbek,
77,AUS 17,AUS,Australia,Craig Goodwin,Australia,player,false,Scanini Panini World Cup 2026 checklist,https://scanini.app/stickers/australia-17-craig-goodwin,
78,AUS 18,AUS,Australia,Kusini Vengi,Australia,player,false,Scanini Panini World Cup 2026 checklist,https://scanini.app/stickers/australia-18-kusini-vengi,
79,AUS 19,AUS,Australia,Nestory Irankunda,Australia,player,false,Scanini Panini World Cup 2026 checklist,https://scanini.app/stickers/australia-19-nestory-irankunda,
80,AUS 20,AUS,Australia,Mohamed Touré,Australia,player,false,Scanini Panini World Cup 2026 checklist,https://scanini.app/stickers/australia-20-mohamed-toure,
81,AUT 1,AUT,Austria,Team Logo,Austria,team_logo,true,Scanini Panini World Cup 2026 checklist,https://scanini.app/stickers/austria-1-team-logo,
82,AUT 2,AUT,Austria,Alexander Schlager,Austria,player,false,Scanini Panini World Cup 2026 checklist,https://scanini.app/stickers/austria-2-alexander-schlager,
83,AUT 3,AUT,Austria,Patrick Pentz,Austria,player,false,Scanini Panini World Cup 2026 checklist,https://scanini.app/stickers/austria-3-patrick-pentz,
84,AUT 4,AUT,Austria,David Alaba,Austria,player,false,Scanini Panini World Cup 2026 checklist,https://scanini.app/stickers/austria-4-david-alaba,
85,AUT 5,AUT,Austria,Kevin Danso,Austria,player,false,Scanini Panini World Cup 2026 checklist,https://scanini.app/stickers/austria-5-kevin-danso,
86,AUT 6,AUT,Austria,Philipp Lienhart,Austria,player,false,Scanini Panini World Cup 2026 checklist,https://scanini.app/stickers/austria-6-philipp-lienhart,
87,AUT 7,AUT,Austria,Stefan Posch,Austria,player,false,Scanini Panini World Cup 2026 checklist,https://scanini.app/stickers/austria-7-stefan-posch,
88,AUT 8,AUT,Austria,Phillipp Mwene,Austria,player,false,Scanini Panini World Cup 2026 checklist,https://scanini.app/stickers/austria-8-phillipp-mwene,
89,AUT 9,AUT,Austria,Alexander Prass,Austria,player,false,Scanini Panini World Cup 2026 checklist,https://scanini.app/stickers/austria-9-alexander-prass,
90,AUT 10,AUT,Austria,Xaver Schlager,Austria,player,false,Scanini Panini World Cup 2026 checklist,https://scanini.app/stickers/austria-10-xaver-schlager,
91,AUT 11,AUT,Austria,Marcel Sabitzer,Austria,player,false,Scanini Panini World Cup 2026 checklist,https://scanini.app/stickers/austria-11-marcel-sabitzer,
92,AUT 12,AUT,Austria,Konrad Laimer,Austria,player,false,Scanini Panini World Cup 2026 checklist,https://scanini.app/stickers/austria-12-konrad-laimer,
93,AUT 13,AUT,Austria,Team Photo,Austria,team_photo,false,Scanini Panini World Cup 2026 checklist,https://scanini.app/stickers/austria-13-team-photo,
94,AUT 14,AUT,Austria,Florian Grillitsch,Austria,player,false,Scanini Panini World Cup 2026 checklist,https://scanini.app/stickers/austria-14-florian-grillitsch,
95,AUT 15,AUT,Austria,Nicolas Seiwald,Austria,player,false,Scanini Panini World Cup 2026 checklist,https://scanini.app/stickers/austria-15-nicolas-seiwald,
96,AUT 16,AUT,Austria,Romano Schmid,Austria,player,false,Scanini Panini World Cup 2026 checklist,https://scanini.app/stickers/austria-16-romano-schmid,
97,AUT 17,AUT,Austria,Patrick Wimmer,Austria,player,false,Scanini Panini World Cup 2026 checklist,https://scanini.app/stickers/austria-17-patrick-wimmer,
98,AUT 18,AUT,Austria,Christoph Baumgartner,Austria,player,false,Scanini Panini World Cup 2026 checklist,https://scanini.app/stickers/austria-18-christoph-baumgartner,
99,AUT 19,AUT,Austria,Michael Gregoritsch,Austria,player,false,Scanini Panini World Cup 2026 checklist,https://scanini.app/stickers/austria-19-michael-gregoritsch,
100,AUT 20,AUT,Austria,Marko Arnautović,Austria,player,false,Scanini Panini World Cup 2026 checklist,https://scanini.app/stickers/austria-20-marko-arnautovic,
101,BEL 1,BEL,Belgium,Team Logo,Belgium,team_logo,true,Scanini Panini World Cup 2026 checklist,https://scanini.app/stickers/belgium-1-team-logo,
102,BEL 2,BEL,Belgium,Thibaut Courtois,Belgium,player,false,Scanini Panini World Cup 2026 checklist,https://scanini.app/stickers/belgium-2-thibaut-courtois,
103,BEL 3,BEL,Belgium,Arthur Theate,Belgium,player,false,Scanini Panini World Cup 2026 checklist,https://scanini.app/stickers/belgium-3-arthur-theate,
104,BEL 4,BEL,Belgium,Timothy Castagne,Belgium,player,false,Scanini Panini World Cup 2026 checklist,https://scanini.app/stickers/belgium-4-timothy-castagne,
105,BEL 5,BEL,Belgium,Zeno Debast,Belgium,player,false,Scanini Panini World Cup 2026 checklist,https://scanini.app/stickers/belgium-5-zeno-debast,
106,BEL 6,BEL,Belgium,Brandon Mechele,Belgium,player,false,Scanini Panini World Cup 2026 checklist,https://scanini.app/stickers/belgium-6-brandon-mechele,
107,BEL 7,BEL,Belgium,Maxim De Cuyper,Belgium,player,false,Scanini Panini World Cup 2026 checklist,https://scanini.app/stickers/belgium-7-maxim-de-cuyper,
108,BEL 8,BEL,Belgium,Thomas Meunier,Belgium,player,false,Scanini Panini World Cup 2026 checklist,https://scanini.app/stickers/belgium-8-thomas-meunier,
109,BEL 9,BEL,Belgium,Youri Tielemans,Belgium,player,false,Scanini Panini World Cup 2026 checklist,https://scanini.app/stickers/belgium-9-youri-tielemans,
110,BEL 10,BEL,Belgium,Amadou Onana,Belgium,player,false,Scanini Panini World Cup 2026 checklist,https://scanini.app/stickers/belgium-10-amadou-onana,
111,BEL 11,BEL,Belgium,Nicolas Raskin,Belgium,player,false,Scanini Panini World Cup 2026 checklist,https://scanini.app/stickers/belgium-11-nicolas-raskin,
112,BEL 12,BEL,Belgium,Alexis Saelemaekers,Belgium,player,false,Scanini Panini World Cup 2026 checklist,https://scanini.app/stickers/belgium-12-alexis-saelemaekers,
113,BEL 13,BEL,Belgium,Team Photo,Belgium,team_photo,false,Scanini Panini World Cup 2026 checklist,https://scanini.app/stickers/belgium-13-team-photo,
114,BEL 14,BEL,Belgium,Hans Vanaken,Belgium,player,false,Scanini Panini World Cup 2026 checklist,https://scanini.app/stickers/belgium-14-hans-vanaken,
115,BEL 15,BEL,Belgium,Kevin De Bruyne,Belgium,player,false,Scanini Panini World Cup 2026 checklist,https://scanini.app/stickers/belgium-15-kevin-de-bruyne,
116,BEL 16,BEL,Belgium,Jérémy Doku,Belgium,player,false,Scanini Panini World Cup 2026 checklist,https://scanini.app/stickers/belgium-16-jeremy-doku,
117,BEL 17,BEL,Belgium,Charles De Ketelaere,Belgium,player,false,Scanini Panini World Cup 2026 checklist,https://scanini.app/stickers/belgium-17-charles-de-ketelaere,
118,BEL 18,BEL,Belgium,Leandro Trossard,Belgium,player,false,Scanini Panini World Cup 2026 checklist,https://scanini.app/stickers/belgium-18-leandro-trossard,
119,BEL 19,BEL,Belgium,Loïs Openda,Belgium,player,false,Scanini Panini World Cup 2026 checklist,https://scanini.app/stickers/belgium-19-lois-openda,
120,BEL 20,BEL,Belgium,Romelu Lukaku,Belgium,player,false,Scanini Panini World Cup 2026 checklist,https://scanini.app/stickers/belgium-20-romelu-lukaku,
121,BIH 1,BIH,Bosnia and Herzegovina,Team Logo,Bosnia and Herzegovina,team_logo,true,Scanini Panini World Cup 2026 checklist,https://scanini.app/stickers/bosnia-and-herzegovina-1-team-logo,
122,BIH 2,BIH,Bosnia and Herzegovina,Nikola Vasilj,Bosnia and Herzegovina,player,false,Scanini Panini World Cup 2026 checklist,https://scanini.app/stickers/bosnia-and-herzegovina-2-nikola-vasilj,
123,BIH 3,BIH,Bosnia and Herzegovina,Amer Dedic,Bosnia and Herzegovina,player,false,Scanini Panini World Cup 2026 checklist,https://scanini.app/stickers/bosnia-and-herzegovina-3-amer-dedic,
124,BIH 4,BIH,Bosnia and Herzegovina,Sead Kolasinac,Bosnia and Herzegovina,player,false,Scanini Panini World Cup 2026 checklist,https://scanini.app/stickers/bosnia-and-herzegovina-4-sead-kolasinac,
125,BIH 5,BIH,Bosnia and Herzegovina,Tarik Muharemovic,Bosnia and Herzegovina,player,false,Scanini Panini World Cup 2026 checklist,https://scanini.app/stickers/bosnia-and-herzegovina-5-tarik-muharemovic,
126,BIH 6,BIH,Bosnia and Herzegovina,Nihad Mujakic,Bosnia and Herzegovina,player,false,Scanini Panini World Cup 2026 checklist,https://scanini.app/stickers/bosnia-and-herzegovina-6-nihad-mujakic,
127,BIH 7,BIH,Bosnia and Herzegovina,Nikola Katic,Bosnia and Herzegovina,player,false,Scanini Panini World Cup 2026 checklist,https://scanini.app/stickers/bosnia-and-herzegovina-7-nikola-katic,
128,BIH 8,BIH,Bosnia and Herzegovina,Amir Hadziahmetovic,Bosnia and Herzegovina,player,false,Scanini Panini World Cup 2026 checklist,https://scanini.app/stickers/bosnia-and-herzegovina-8-amir-hadziahmetovic,
129,BIH 9,BIH,Bosnia and Herzegovina,Benjamin Tahirovic,Bosnia and Herzegovina,player,false,Scanini Panini World Cup 2026 checklist,https://scanini.app/stickers/bosnia-and-herzegovina-9-benjamin-tahirovic,
130,BIH 10,BIH,Bosnia and Herzegovina,Armin Gigovic,Bosnia and Herzegovina,player,false,Scanini Panini World Cup 2026 checklist,https://scanini.app/stickers/bosnia-and-herzegovina-10-armin-gigovic,
131,BIH 11,BIH,Bosnia and Herzegovina,Ivan Sunjic,Bosnia and Herzegovina,player,false,Scanini Panini World Cup 2026 checklist,https://scanini.app/stickers/bosnia-and-herzegovina-11-ivan-sunjic,
132,BIH 12,BIH,Bosnia and Herzegovina,Ivan Basic,Bosnia and Herzegovina,player,false,Scanini Panini World Cup 2026 checklist,https://scanini.app/stickers/bosnia-and-herzegovina-12-ivan-basic,
133,BIH 13,BIH,Bosnia and Herzegovina,Team Photo,Bosnia and Herzegovina,team_photo,false,Scanini Panini World Cup 2026 checklist,https://scanini.app/stickers/bosnia-and-herzegovina-13-team-photo,
134,BIH 14,BIH,Bosnia and Herzegovina,Dzenis Burnic,Bosnia and Herzegovina,player,false,Scanini Panini World Cup 2026 checklist,https://scanini.app/stickers/bosnia-and-herzegovina-14-dzenis-burnic,
135,BIH 15,BIH,Bosnia and Herzegovina,Esmir Bajraktarevic,Bosnia and Herzegovina,player,false,Scanini Panini World Cup 2026 checklist,https://scanini.app/stickers/bosnia-and-herzegovina-15-esmir-bajraktarevic,
136,BIH 16,BIH,Bosnia and Herzegovina,Amar Memic,Bosnia and Herzegovina,player,false,Scanini Panini World Cup 2026 checklist,https://scanini.app/stickers/bosnia-and-herzegovina-16-amar-memic,
137,BIH 17,BIH,Bosnia and Herzegovina,Ermedin Demirovic,Bosnia and Herzegovina,player,false,Scanini Panini World Cup 2026 checklist,https://scanini.app/stickers/bosnia-and-herzegovina-17-ermedin-demirovic,
138,BIH 18,BIH,Bosnia and Herzegovina,Edin Dzeko,Bosnia and Herzegovina,player,false,Scanini Panini World Cup 2026 checklist,https://scanini.app/stickers/bosnia-and-herzegovina-18-edin-dzeko,
139,BIH 19,BIH,Bosnia and Herzegovina,Samed Bazdar,Bosnia and Herzegovina,player,false,Scanini Panini World Cup 2026 checklist,https://scanini.app/stickers/bosnia-and-herzegovina-19-samed-bazdar,
140,BIH 20,BIH,Bosnia and Herzegovina,Haris Tabakovic,Bosnia and Herzegovina,player,false,Scanini Panini World Cup 2026 checklist,https://scanini.app/stickers/bosnia-and-herzegovina-20-haris-tabakovic,
141,BRA 1,BRA,Brazil,Team Logo,Brazil,team_logo,true,Scanini Panini World Cup 2026 checklist,https://scanini.app/stickers/brazil-1-team-logo,
142,BRA 2,BRA,Brazil,Alisson,Brazil,player,false,Scanini Panini World Cup 2026 checklist,https://scanini.app/stickers/brazil-2-alisson,
143,BRA 3,BRA,Brazil,Bento,Brazil,player,false,Scanini Panini World Cup 2026 checklist,https://scanini.app/stickers/brazil-3-bento,
144,BRA 4,BRA,Brazil,Marquinhos,Brazil,player,false,Scanini Panini World Cup 2026 checklist,https://scanini.app/stickers/brazil-4-marquinhos,
145,BRA 5,BRA,Brazil,Éder Militão,Brazil,player,false,Scanini Panini World Cup 2026 checklist,https://scanini.app/stickers/brazil-5-eder-militao,
146,BRA 6,BRA,Brazil,Gabriel Magalhães,Brazil,player,false,Scanini Panini World Cup 2026 checklist,https://scanini.app/stickers/brazil-6-gabriel-magalhaes,
147,BRA 7,BRA,Brazil,Danilo,Brazil,player,false,Scanini Panini World Cup 2026 checklist,https://scanini.app/stickers/brazil-7-danilo,
148,BRA 8,BRA,Brazil,Wesley,Brazil,player,false,Scanini Panini World Cup 2026 checklist,https://scanini.app/stickers/brazil-8-wesley,
149,BRA 9,BRA,Brazil,Lucas Paquetá,Brazil,player,false,Scanini Panini World Cup 2026 checklist,https://scanini.app/stickers/brazil-9-lucas-paqueta,
150,BRA 10,BRA,Brazil,Casemiro,Brazil,player,false,Scanini Panini World Cup 2026 checklist,https://scanini.app/stickers/brazil-10-casemiro,
151,BRA 11,BRA,Brazil,Bruno Guimarães,Brazil,player,false,Scanini Panini World Cup 2026 checklist,https://scanini.app/stickers/brazil-11-bruno-guimaraes,
152,BRA 12,BRA,Brazil,Luiz Henrique,Brazil,player,false,Scanini Panini World Cup 2026 checklist,https://scanini.app/stickers/brazil-12-luiz-henrique,
153,BRA 13,BRA,Brazil,Team Photo,Brazil,team_photo,false,Scanini Panini World Cup 2026 checklist,https://scanini.app/stickers/brazil-13-team-photo,
154,BRA 14,BRA,Brazil,Vinicius Júnior,Brazil,player,false,Scanini Panini World Cup 2026 checklist,https://scanini.app/stickers/brazil-14-vinicius-junior,
155,BRA 15,BRA,Brazil,Rodrygo,Brazil,player,false,Scanini Panini World Cup 2026 checklist,https://scanini.app/stickers/brazil-15-rodrygo,
156,BRA 16,BRA,Brazil,João Pedro,Brazil,player,false,Scanini Panini World Cup 2026 checklist,https://scanini.app/stickers/brazil-16-joao-pedro,
157,BRA 17,BRA,Brazil,Matheus Cunha,Brazil,player,false,Scanini Panini World Cup 2026 checklist,https://scanini.app/stickers/brazil-17-matheus-cunha,
158,BRA 18,BRA,Brazil,Gabriel Martinelli,Brazil,player,false,Scanini Panini World Cup 2026 checklist,https://scanini.app/stickers/brazil-18-gabriel-martinelli,
159,BRA 19,BRA,Brazil,Raphinha,Brazil,player,false,Scanini Panini World Cup 2026 checklist,https://scanini.app/stickers/brazil-19-raphinha,
160,BRA 20,BRA,Brazil,Estévão,Brazil,player,false,Scanini Panini World Cup 2026 checklist,https://scanini.app/stickers/brazil-20-estevao,
161,CAN 1,CAN,Canada,Team Logo,Canada,team_logo,true,Scanini Panini World Cup 2026 checklist,https://scanini.app/stickers/canada-1-team-logo,
162,CAN 2,CAN,Canada,Dayne St.Clair,Canada,player,false,Scanini Panini World Cup 2026 checklist,https://scanini.app/stickers/canada-2-dayne-stclair,
163,CAN 3,CAN,Canada,Alphonso Davies,Canada,player,false,Scanini Panini World Cup 2026 checklist,https://scanini.app/stickers/canada-3-alphonso-davies,
164,CAN 4,CAN,Canada,Alistair Johnston,Canada,player,false,Scanini Panini World Cup 2026 checklist,https://scanini.app/stickers/canada-4-alistair-johnston,
165,CAN 5,CAN,Canada,Samuel Adekugbe,Canada,player,false,Scanini Panini World Cup 2026 checklist,https://scanini.app/stickers/canada-5-samuel-adekugbe,
166,CAN 6,CAN,Canada,Riche Larvea,Canada,player,false,Scanini Panini World Cup 2026 checklist,https://scanini.app/stickers/canada-6-riche-larvea,
167,CAN 7,CAN,Canada,Derek Cornelius,Canada,player,false,Scanini Panini World Cup 2026 checklist,https://scanini.app/stickers/canada-7-derek-cornelius,
168,CAN 8,CAN,Canada,Moïse Bombito,Canada,player,false,Scanini Panini World Cup 2026 checklist,https://scanini.app/stickers/canada-8-moise-bombito,
169,CAN 9,CAN,Canada,Kamal Miller,Canada,player,false,Scanini Panini World Cup 2026 checklist,https://scanini.app/stickers/canada-9-kamal-miller,
170,CAN 10,CAN,Canada,Stephen Eustáquio,Canada,player,false,Scanini Panini World Cup 2026 checklist,https://scanini.app/stickers/canada-10-stephen-eustaquio,
171,CAN 11,CAN,Canada,Ismaël Koné,Canada,player,false,Scanini Panini World Cup 2026 checklist,https://scanini.app/stickers/canada-11-ismael-kone,
172,CAN 12,CAN,Canada,Jonathan Osorio,Canada,player,false,Scanini Panini World Cup 2026 checklist,https://scanini.app/stickers/canada-12-jonathan-osorio,
173,CAN 13,CAN,Canada,Team Photo,Canada,team_photo,false,Scanini Panini World Cup 2026 checklist,https://scanini.app/stickers/canada-13-team-photo,
174,CAN 14,CAN,Canada,Jacob Shaffelburg,Canada,player,false,Scanini Panini World Cup 2026 checklist,https://scanini.app/stickers/canada-14-jacob-shaffelburg,
175,CAN 15,CAN,Canada,Mathieu Choinière,Canada,player,false,Scanini Panini World Cup 2026 checklist,https://scanini.app/stickers/canada-15-mathieu-choiniere,
176,CAN 16,CAN,Canada,Niko Sigur,Canada,player,false,Scanini Panini World Cup 2026 checklist,https://scanini.app/stickers/canada-16-niko-sigur,
177,CAN 17,CAN,Canada,Tajon Buchanan,Canada,player,false,Scanini Panini World Cup 2026 checklist,https://scanini.app/stickers/canada-17-tajon-buchanan,
178,CAN 18,CAN,Canada,Liam Millar,Canada,player,false,Scanini Panini World Cup 2026 checklist,https://scanini.app/stickers/canada-18-liam-millar,
179,CAN 19,CAN,Canada,Cyle Larin,Canada,player,false,Scanini Panini World Cup 2026 checklist,https://scanini.app/stickers/canada-19-cyle-larin,
180,CAN 20,CAN,Canada,Jonathan David,Canada,player,false,Scanini Panini World Cup 2026 checklist,https://scanini.app/stickers/canada-20-jonathan-david,
181,CIV 1,CIV,Côte d'Ivoire,Team Logo,Côte d'Ivoire,team_logo,true,Scanini Panini World Cup 2026 checklist,https://scanini.app/stickers/cote-divoire-1-team-logo,
182,CIV 2,CIV,Côte d'Ivoire,Yahia Fofana,Côte d'Ivoire,player,false,Scanini Panini World Cup 2026 checklist,https://scanini.app/stickers/cote-divoire-2-yahia-fofana,
183,CIV 3,CIV,Côte d'Ivoire,Ghislain Konan,Côte d'Ivoire,player,false,Scanini Panini World Cup 2026 checklist,https://scanini.app/stickers/cote-divoire-3-ghislain-konan,
184,CIV 4,CIV,Côte d'Ivoire,Wilfried Singo,Côte d'Ivoire,player,false,Scanini Panini World Cup 2026 checklist,https://scanini.app/stickers/cote-divoire-4-wilfried-singo,
185,CIV 5,CIV,Côte d'Ivoire,Odilon Kossounou,Côte d'Ivoire,player,false,Scanini Panini World Cup 2026 checklist,https://scanini.app/stickers/cote-divoire-5-odilon-kossounou,
186,CIV 6,CIV,Côte d'Ivoire,Evan Ndicka,Côte d'Ivoire,player,false,Scanini Panini World Cup 2026 checklist,https://scanini.app/stickers/cote-divoire-6-evan-ndicka,
187,CIV 7,CIV,Côte d'Ivoire,Willy Boly,Côte d'Ivoire,player,false,Scanini Panini World Cup 2026 checklist,https://scanini.app/stickers/cote-divoire-7-willy-boly,
188,CIV 8,CIV,Côte d'Ivoire,Emmanuel Agbadou,Côte d'Ivoire,player,false,Scanini Panini World Cup 2026 checklist,https://scanini.app/stickers/cote-divoire-8-emmanuel-agbadou,
189,CIV 9,CIV,Côte d'Ivoire,Ousmane Diomande,Côte d'Ivoire,player,false,Scanini Panini World Cup 2026 checklist,https://scanini.app/stickers/cote-divoire-9-ousmane-diomande,
190,CIV 10,CIV,Côte d'Ivoire,Franck Kessie,Côte d'Ivoire,player,false,Scanini Panini World Cup 2026 checklist,https://scanini.app/stickers/cote-divoire-10-franck-kessie,
191,CIV 11,CIV,Côte d'Ivoire,Seko Fofana,Côte d'Ivoire,player,false,Scanini Panini World Cup 2026 checklist,https://scanini.app/stickers/cote-divoire-11-seko-fofana,
192,CIV 12,CIV,Côte d'Ivoire,Ibrahim Sangare,Côte d'Ivoire,player,false,Scanini Panini World Cup 2026 checklist,https://scanini.app/stickers/cote-divoire-12-ibrahim-sangare,
193,CIV 13,CIV,Côte d'Ivoire,Team Photo,Côte d'Ivoire,team_photo,false,Scanini Panini World Cup 2026 checklist,https://scanini.app/stickers/cote-divoire-13-team-photo,
194,CIV 14,CIV,Côte d'Ivoire,Jean-Philippe Gbamin,Côte d'Ivoire,player,false,Scanini Panini World Cup 2026 checklist,https://scanini.app/stickers/cote-divoire-14-jean-philippe-gbamin,
195,CIV 15,CIV,Côte d'Ivoire,Amad Diallo,Côte d'Ivoire,player,false,Scanini Panini World Cup 2026 checklist,https://scanini.app/stickers/cote-divoire-15-amad-diallo,
196,CIV 16,CIV,Côte d'Ivoire,Sébastien Haller,Côte d'Ivoire,player,false,Scanini Panini World Cup 2026 checklist,https://scanini.app/stickers/cote-divoire-16-sebastien-haller,
197,CIV 17,CIV,Côte d'Ivoire,Simon Adingra,Côte d'Ivoire,player,false,Scanini Panini World Cup 2026 checklist,https://scanini.app/stickers/cote-divoire-17-simon-adingra,
198,CIV 18,CIV,Côte d'Ivoire,Yan Diomande,Côte d'Ivoire,player,false,Scanini Panini World Cup 2026 checklist,https://scanini.app/stickers/cote-divoire-18-yan-diomande,
199,CIV 19,CIV,Côte d'Ivoire,Evann Guessand,Côte d'Ivoire,player,false,Scanini Panini World Cup 2026 checklist,https://scanini.app/stickers/cote-divoire-19-evann-guessand,
200,CIV 20,CIV,Côte d'Ivoire,Oumar Diakite,Côte d'Ivoire,player,false,Scanini Panini World Cup 2026 checklist,https://scanini.app/stickers/cote-divoire-20-oumar-diakite,
201,COD 1,COD,DR Congo,Team Logo,DR Congo,team_logo,true,Scanini Panini World Cup 2026 checklist,https://scanini.app/stickers/dr-congo-1-team-logo,
202,COD 2,COD,DR Congo,Lionel Mpasi,DR Congo,player,false,Scanini Panini World Cup 2026 checklist,https://scanini.app/stickers/dr-congo-2-lionel-mpasi,
203,COD 3,COD,DR Congo,Aaron Wan-Bissaka,DR Congo,player,false,Scanini Panini World Cup 2026 checklist,https://scanini.app/stickers/dr-congo-3-aaron-wan-bissaka,
204,COD 4,COD,DR Congo,Axel Tuanzebe,DR Congo,player,false,Scanini Panini World Cup 2026 checklist,https://scanini.app/stickers/dr-congo-4-axel-tuanzebe,
205,COD 5,COD,DR Congo,Arthur Masuaku,DR Congo,player,false,Scanini Panini World Cup 2026 checklist,https://scanini.app/stickers/dr-congo-5-arthur-masuaku,
206,COD 6,COD,DR Congo,Chancel Mbemba,DR Congo,player,false,Scanini Panini World Cup 2026 checklist,https://scanini.app/stickers/dr-congo-6-chancel-mbemba,
207,COD 7,COD,DR Congo,Joris Kayembe,DR Congo,player,false,Scanini Panini World Cup 2026 checklist,https://scanini.app/stickers/dr-congo-7-joris-kayembe,
208,COD 8,COD,DR Congo,Charles Pickel,DR Congo,player,false,Scanini Panini World Cup 2026 checklist,https://scanini.app/stickers/dr-congo-8-charles-pickel,
209,COD 9,COD,DR Congo,Ngal'ayel Mukau,DR Congo,player,false,Scanini Panini World Cup 2026 checklist,https://scanini.app/stickers/dr-congo-9-ngalayel-mukau,
210,COD 10,COD,DR Congo,Edo Kayembe,DR Congo,player,false,Scanini Panini World Cup 2026 checklist,https://scanini.app/stickers/dr-congo-10-edo-kayembe,
211,COD 11,COD,DR Congo,Samuel Moutoussamy,DR Congo,player,false,Scanini Panini World Cup 2026 checklist,https://scanini.app/stickers/dr-congo-11-samuel-moutoussamy,
212,COD 12,COD,DR Congo,Noah Sadiki,DR Congo,player,false,Scanini Panini World Cup 2026 checklist,https://scanini.app/stickers/dr-congo-12-noah-sadiki,
213,COD 13,COD,DR Congo,Team Photo,DR Congo,team_photo,false,Scanini Panini World Cup 2026 checklist,https://scanini.app/stickers/dr-congo-13-team-photo,
214,COD 14,COD,DR Congo,Théo Bongonda,DR Congo,player,false,Scanini Panini World Cup 2026 checklist,https://scanini.app/stickers/dr-congo-14-theo-bongonda,
215,COD 15,COD,DR Congo,Meschak Elia,DR Congo,player,false,Scanini Panini World Cup 2026 checklist,https://scanini.app/stickers/dr-congo-15-meschak-elia,
216,COD 16,COD,DR Congo,Yoane Wissa,DR Congo,player,false,Scanini Panini World Cup 2026 checklist,https://scanini.app/stickers/dr-congo-16-yoane-wissa,
217,COD 17,COD,DR Congo,Brian Cipenga,DR Congo,player,false,Scanini Panini World Cup 2026 checklist,https://scanini.app/stickers/dr-congo-17-brian-cipenga,
218,COD 18,COD,DR Congo,Fiston Mayele,DR Congo,player,false,Scanini Panini World Cup 2026 checklist,https://scanini.app/stickers/dr-congo-18-fiston-mayele,
219,COD 19,COD,DR Congo,Cédric Bakambu,DR Congo,player,false,Scanini Panini World Cup 2026 checklist,https://scanini.app/stickers/dr-congo-19-cedric-bakambu,
220,COD 20,COD,DR Congo,Nathanaël Mbuku,DR Congo,player,false,Scanini Panini World Cup 2026 checklist,https://scanini.app/stickers/dr-congo-20-nathanael-mbuku,
221,COL 1,COL,Colombia,Team Logo,Colombia,team_logo,true,Scanini Panini World Cup 2026 checklist,https://scanini.app/stickers/colombia-1-team-logo,
222,COL 2,COL,Colombia,Camilo Vargas,Colombia,player,false,Scanini Panini World Cup 2026 checklist,https://scanini.app/stickers/colombia-2-camilo-vargas,
223,COL 3,COL,Colombia,David Ospina,Colombia,player,false,Scanini Panini World Cup 2026 checklist,https://scanini.app/stickers/colombia-3-david-ospina,
224,COL 4,COL,Colombia,Dávinson Sánchez,Colombia,player,false,Scanini Panini World Cup 2026 checklist,https://scanini.app/stickers/colombia-4-davinson-sanchez,
225,COL 5,COL,Colombia,Yerry Mina,Colombia,player,false,Scanini Panini World Cup 2026 checklist,https://scanini.app/stickers/colombia-5-yerry-mina,
226,COL 6,COL,Colombia,Daniel Munoz,Colombia,player,false,Scanini Panini World Cup 2026 checklist,https://scanini.app/stickers/colombia-6-daniel-munoz,
227,COL 7,COL,Colombia,Johan Mojica,Colombia,player,false,Scanini Panini World Cup 2026 checklist,https://scanini.app/stickers/colombia-7-johan-mojica,
228,COL 8,COL,Colombia,Jhon Lucumí,Colombia,player,false,Scanini Panini World Cup 2026 checklist,https://scanini.app/stickers/colombia-8-jhon-lucumi,
229,COL 9,COL,Colombia,Santiago Arias,Colombia,player,false,Scanini Panini World Cup 2026 checklist,https://scanini.app/stickers/colombia-9-santiago-arias,
230,COL 10,COL,Colombia,Jefferson Lerma,Colombia,player,false,Scanini Panini World Cup 2026 checklist,https://scanini.app/stickers/colombia-10-jefferson-lerma,
231,COL 11,COL,Colombia,Kevin Castaño,Colombia,player,false,Scanini Panini World Cup 2026 checklist,https://scanini.app/stickers/colombia-11-kevin-castano,
232,COL 12,COL,Colombia,Richard Rios,Colombia,player,false,Scanini Panini World Cup 2026 checklist,https://scanini.app/stickers/colombia-12-richard-rios,
233,COL 13,COL,Colombia,Team Photo,Colombia,team_photo,false,Scanini Panini World Cup 2026 checklist,https://scanini.app/stickers/colombia-13-team-photo,
234,COL 14,COL,Colombia,James Rodriguez,Colombia,player,false,Scanini Panini World Cup 2026 checklist,https://scanini.app/stickers/colombia-14-james-rodriguez,
235,COL 15,COL,Colombia,Juan Fernando Quintero,Colombia,player,false,Scanini Panini World Cup 2026 checklist,https://scanini.app/stickers/colombia-15-juan-fernando-quintero,
236,COL 16,COL,Colombia,Jorge Carrascal,Colombia,player,false,Scanini Panini World Cup 2026 checklist,https://scanini.app/stickers/colombia-16-jorge-carrascal,
237,COL 17,COL,Colombia,Jon Arias,Colombia,player,false,Scanini Panini World Cup 2026 checklist,https://scanini.app/stickers/colombia-17-jon-arias,
238,COL 18,COL,Colombia,Jhon Cordova,Colombia,player,false,Scanini Panini World Cup 2026 checklist,https://scanini.app/stickers/colombia-18-jhon-cordova,
239,COL 19,COL,Colombia,Luis Suarez,Colombia,player,false,Scanini Panini World Cup 2026 checklist,https://scanini.app/stickers/colombia-19-luis-suarez,
240,COL 20,COL,Colombia,Luis Diaz,Colombia,player,false,Scanini Panini World Cup 2026 checklist,https://scanini.app/stickers/colombia-20-luis-diaz,
241,CPV 1,CPV,Cape Verde,Team Logo,Cape Verde,team_logo,true,Scanini Panini World Cup 2026 checklist,https://scanini.app/stickers/cape-verde-1-team-logo,
242,CPV 2,CPV,Cape Verde,Vozinha,Cape Verde,player,false,Scanini Panini World Cup 2026 checklist,https://scanini.app/stickers/cape-verde-2-vozinha,
243,CPV 3,CPV,Cape Verde,Logan Costa,Cape Verde,player,false,Scanini Panini World Cup 2026 checklist,https://scanini.app/stickers/cape-verde-3-logan-costa,
244,CPV 4,CPV,Cape Verde,Pico,Cape Verde,player,false,Scanini Panini World Cup 2026 checklist,https://scanini.app/stickers/cape-verde-4-pico,
245,CPV 5,CPV,Cape Verde,Diney,Cape Verde,player,false,Scanini Panini World Cup 2026 checklist,https://scanini.app/stickers/cape-verde-5-diney,
246,CPV 6,CPV,Cape Verde,Steven Moreira,Cape Verde,player,false,Scanini Panini World Cup 2026 checklist,https://scanini.app/stickers/cape-verde-6-steven-moreira,
247,CPV 7,CPV,Cape Verde,Wagner Pina,Cape Verde,player,false,Scanini Panini World Cup 2026 checklist,https://scanini.app/stickers/cape-verde-7-wagner-pina,
248,CPV 8,CPV,Cape Verde,Joao Paulo,Cape Verde,player,false,Scanini Panini World Cup 2026 checklist,https://scanini.app/stickers/cape-verde-8-joao-paulo,
249,CPV 9,CPV,Cape Verde,Yannick Semedo,Cape Verde,player,false,Scanini Panini World Cup 2026 checklist,https://scanini.app/stickers/cape-verde-9-yannick-semedo,
250,CPV 10,CPV,Cape Verde,Kevin Pina,Cape Verde,player,false,Scanini Panini World Cup 2026 checklist,https://scanini.app/stickers/cape-verde-10-kevin-pina,
251,CPV 11,CPV,Cape Verde,Patrick Andrade,Cape Verde,player,false,Scanini Panini World Cup 2026 checklist,https://scanini.app/stickers/cape-verde-11-patrick-andrade,
252,CPV 12,CPV,Cape Verde,Jamiro Monteiro,Cape Verde,player,false,Scanini Panini World Cup 2026 checklist,https://scanini.app/stickers/cape-verde-12-jamiro-monteiro,
253,CPV 13,CPV,Cape Verde,Team Photo,Cape Verde,team_photo,false,Scanini Panini World Cup 2026 checklist,https://scanini.app/stickers/cape-verde-13-team-photo,
254,CPV 14,CPV,Cape Verde,Deroy Duarte,Cape Verde,player,false,Scanini Panini World Cup 2026 checklist,https://scanini.app/stickers/cape-verde-14-deroy-duarte,
255,CPV 15,CPV,Cape Verde,Garry Rodrigues,Cape Verde,player,false,Scanini Panini World Cup 2026 checklist,https://scanini.app/stickers/cape-verde-15-garry-rodrigues,
256,CPV 16,CPV,Cape Verde,Jovane Cabral,Cape Verde,player,false,Scanini Panini World Cup 2026 checklist,https://scanini.app/stickers/cape-verde-16-jovane-cabral,
257,CPV 17,CPV,Cape Verde,Ryan Mendes,Cape Verde,player,false,Scanini Panini World Cup 2026 checklist,https://scanini.app/stickers/cape-verde-17-ryan-mendes,
258,CPV 18,CPV,Cape Verde,Dailon Livramento,Cape Verde,player,false,Scanini Panini World Cup 2026 checklist,https://scanini.app/stickers/cape-verde-18-dailon-livramento,
259,CPV 19,CPV,Cape Verde,Willy Semedo,Cape Verde,player,false,Scanini Panini World Cup 2026 checklist,https://scanini.app/stickers/cape-verde-19-willy-semedo,
260,CPV 20,CPV,Cape Verde,Bebe,Cape Verde,player,false,Scanini Panini World Cup 2026 checklist,https://scanini.app/stickers/cape-verde-20-bebe,
261,CRO 1,CRO,Croatia,Team Logo,Croatia,team_logo,true,Scanini Panini World Cup 2026 checklist,https://scanini.app/stickers/croatia-1-team-logo,
262,CRO 2,CRO,Croatia,Dominik Livaković,Croatia,player,false,Scanini Panini World Cup 2026 checklist,https://scanini.app/stickers/croatia-2-dominik-livakovic,
263,CRO 3,CRO,Croatia,Duje Caleta-Car,Croatia,player,false,Scanini Panini World Cup 2026 checklist,https://scanini.app/stickers/croatia-3-duje-caleta-car,
264,CRO 4,CRO,Croatia,Josko Gvardiol,Croatia,player,false,Scanini Panini World Cup 2026 checklist,https://scanini.app/stickers/croatia-4-josko-gvardiol,
265,CRO 5,CRO,Croatia,Josip Stanišić,Croatia,player,false,Scanini Panini World Cup 2026 checklist,https://scanini.app/stickers/croatia-5-josip-stanisic,
266,CRO 6,CRO,Croatia,Luka Vušković,Croatia,player,false,Scanini Panini World Cup 2026 checklist,https://scanini.app/stickers/croatia-6-luka-vuskovic,
267,CRO 7,CRO,Croatia,Josip Sutalo,Croatia,player,false,Scanini Panini World Cup 2026 checklist,https://scanini.app/stickers/croatia-7-josip-sutalo,
268,CRO 8,CRO,Croatia,Kristijan Jakic,Croatia,player,false,Scanini Panini World Cup 2026 checklist,https://scanini.app/stickers/croatia-8-kristijan-jakic,
269,CRO 9,CRO,Croatia,Luka Modrić,Croatia,player,false,Scanini Panini World Cup 2026 checklist,https://scanini.app/stickers/croatia-9-luka-modric,
270,CRO 10,CRO,Croatia,Mateo Kovacic,Croatia,player,false,Scanini Panini World Cup 2026 checklist,https://scanini.app/stickers/croatia-10-mateo-kovacic,
271,CRO 11,CRO,Croatia,Martin Baturina,Croatia,player,false,Scanini Panini World Cup 2026 checklist,https://scanini.app/stickers/croatia-11-martin-baturina,
272,CRO 12,CRO,Croatia,Lovro Majer,Croatia,player,false,Scanini Panini World Cup 2026 checklist,https://scanini.app/stickers/croatia-12-lovro-majer,
273,CRO 13,CRO,Croatia,Team Photo,Croatia,team_photo,false,Scanini Panini World Cup 2026 checklist,https://scanini.app/stickers/croatia-13-team-photo,
274,CRO 14,CRO,Croatia,Mario Pasalic,Croatia,player,false,Scanini Panini World Cup 2026 checklist,https://scanini.app/stickers/croatia-14-mario-pasalic,
275,CRO 15,CRO,Croatia,Petar Sucic,Croatia,player,false,Scanini Panini World Cup 2026 checklist,https://scanini.app/stickers/croatia-15-petar-sucic,
276,CRO 16,CRO,Croatia,Ivan Perišić,Croatia,player,false,Scanini Panini World Cup 2026 checklist,https://scanini.app/stickers/croatia-16-ivan-perisic,
277,CRO 17,CRO,Croatia,Marco Pasalic,Croatia,player,false,Scanini Panini World Cup 2026 checklist,https://scanini.app/stickers/croatia-17-marco-pasalic,
278,CRO 18,CRO,Croatia,Ante Budimir,Croatia,player,false,Scanini Panini World Cup 2026 checklist,https://scanini.app/stickers/croatia-18-ante-budimir,
279,CRO 19,CRO,Croatia,Andrej Kramarić,Croatia,player,false,Scanini Panini World Cup 2026 checklist,https://scanini.app/stickers/croatia-19-andrej-kramaric,
280,CRO 20,CRO,Croatia,Franjo Ivanovic,Croatia,player,false,Scanini Panini World Cup 2026 checklist,https://scanini.app/stickers/croatia-20-franjo-ivanovic,
281,CUW 1,CUW,Curaçao,Team Logo,Curaçao,team_logo,true,Scanini Panini World Cup 2026 checklist,https://scanini.app/stickers/curacao-1-team-logo,
282,CUW 2,CUW,Curaçao,Eloy Room,Curaçao,player,false,Scanini Panini World Cup 2026 checklist,https://scanini.app/stickers/curacao-2-eloy-room,
283,CUW 3,CUW,Curaçao,Armando Obispo,Curaçao,player,false,Scanini Panini World Cup 2026 checklist,https://scanini.app/stickers/curacao-3-armando-obispo,
284,CUW 4,CUW,Curaçao,Sherel Floranus,Curaçao,player,false,Scanini Panini World Cup 2026 checklist,https://scanini.app/stickers/curacao-4-sherel-floranus,
285,CUW 5,CUW,Curaçao,Jurien Gaari,Curaçao,player,false,Scanini Panini World Cup 2026 checklist,https://scanini.app/stickers/curacao-5-jurien-gaari,
286,CUW 6,CUW,Curaçao,Joshua Brenet,Curaçao,player,false,Scanini Panini World Cup 2026 checklist,https://scanini.app/stickers/curacao-6-joshua-brenet,
287,CUW 7,CUW,Curaçao,Roshon Van Eijma,Curaçao,player,false,Scanini Panini World Cup 2026 checklist,https://scanini.app/stickers/curacao-7-roshon-van-eijma,
288,CUW 8,CUW,Curaçao,Shurandy Sambo,Curaçao,player,false,Scanini Panini World Cup 2026 checklist,https://scanini.app/stickers/curacao-8-shurandy-sambo,
289,CUW 9,CUW,Curaçao,Livano Comenencia,Curaçao,player,false,Scanini Panini World Cup 2026 checklist,https://scanini.app/stickers/curacao-9-livano-comenencia,
290,CUW 10,CUW,Curaçao,Godfried Roemeratoe,Curaçao,player,false,Scanini Panini World Cup 2026 checklist,https://scanini.app/stickers/curacao-10-godfried-roemeratoe,
291,CUW 11,CUW,Curaçao,Juninho Bacuna,Curaçao,player,false,Scanini Panini World Cup 2026 checklist,https://scanini.app/stickers/curacao-11-juninho-bacuna,
292,CUW 12,CUW,Curaçao,Leandro Bacuna,Curaçao,player,false,Scanini Panini World Cup 2026 checklist,https://scanini.app/stickers/curacao-12-leandro-bacuna,
293,CUW 13,CUW,Curaçao,Team Photo,Curaçao,team_photo,false,Scanini Panini World Cup 2026 checklist,https://scanini.app/stickers/curacao-13-team-photo,
294,CUW 14,CUW,Curaçao,Tahith Chong,Curaçao,player,false,Scanini Panini World Cup 2026 checklist,https://scanini.app/stickers/curacao-14-tahith-chong,
295,CUW 15,CUW,Curaçao,Kenji Gorre,Curaçao,player,false,Scanini Panini World Cup 2026 checklist,https://scanini.app/stickers/curacao-15-kenji-gorre,
296,CUW 16,CUW,Curaçao,Jearl Margaritha,Curaçao,player,false,Scanini Panini World Cup 2026 checklist,https://scanini.app/stickers/curacao-16-jearl-margaritha,
297,CUW 17,CUW,Curaçao,Jurgen Locadia,Curaçao,player,false,Scanini Panini World Cup 2026 checklist,https://scanini.app/stickers/curacao-17-jurgen-locadia,
298,CUW 18,CUW,Curaçao,Jeremy Antonisse,Curaçao,player,false,Scanini Panini World Cup 2026 checklist,https://scanini.app/stickers/curacao-18-jeremy-antonisse,
299,CUW 19,CUW,Curaçao,Gervane Kastaneer,Curaçao,player,false,Scanini Panini World Cup 2026 checklist,https://scanini.app/stickers/curacao-19-gervane-kastaneer,
300,CUW 20,CUW,Curaçao,Sontje Hansen,Curaçao,player,false,Scanini Panini World Cup 2026 checklist,https://scanini.app/stickers/curacao-20-sontje-hansen,
301,CZE 1,CZE,Czechia,Team Logo,Czechia,team_logo,true,Scanini Panini World Cup 2026 checklist,https://scanini.app/stickers/czechia-1-team-logo,
302,CZE 2,CZE,Czechia,Matej Kovar,Czechia,player,false,Scanini Panini World Cup 2026 checklist,https://scanini.app/stickers/czechia-2-matej-kovar,
303,CZE 3,CZE,Czechia,Jindrich Stanek,Czechia,player,false,Scanini Panini World Cup 2026 checklist,https://scanini.app/stickers/czechia-3-jindrich-stanek,
304,CZE 4,CZE,Czechia,Ladislav Krejci,Czechia,player,false,Scanini Panini World Cup 2026 checklist,https://scanini.app/stickers/czechia-4-ladislav-krejci,
305,CZE 5,CZE,Czechia,Vladimir Coufal,Czechia,player,false,Scanini Panini World Cup 2026 checklist,https://scanini.app/stickers/czechia-5-vladimir-coufal,
306,CZE 6,CZE,Czechia,Jaroslav Zeleny,Czechia,player,false,Scanini Panini World Cup 2026 checklist,https://scanini.app/stickers/czechia-6-jaroslav-zeleny,
307,CZE 7,CZE,Czechia,Tomas Holes,Czechia,player,false,Scanini Panini World Cup 2026 checklist,https://scanini.app/stickers/czechia-7-tomas-holes,
308,CZE 8,CZE,Czechia,David Zima,Czechia,player,false,Scanini Panini World Cup 2026 checklist,https://scanini.app/stickers/czechia-8-david-zima,
309,CZE 9,CZE,Czechia,Michal Sadilek,Czechia,player,false,Scanini Panini World Cup 2026 checklist,https://scanini.app/stickers/czechia-9-michal-sadilek,
310,CZE 10,CZE,Czechia,Lukas Provod,Czechia,player,false,Scanini Panini World Cup 2026 checklist,https://scanini.app/stickers/czechia-10-lukas-provod,
311,CZE 11,CZE,Czechia,Lukas Cerv,Czechia,player,false,Scanini Panini World Cup 2026 checklist,https://scanini.app/stickers/czechia-11-lukas-cerv,
312,CZE 12,CZE,Czechia,Tomas Soucek,Czechia,player,false,Scanini Panini World Cup 2026 checklist,https://scanini.app/stickers/czechia-12-tomas-soucek,
313,CZE 13,CZE,Czechia,Team Photo,Czechia,team_photo,false,Scanini Panini World Cup 2026 checklist,https://scanini.app/stickers/czechia-13-team-photo,
314,CZE 14,CZE,Czechia,Pavel Sulc,Czechia,player,false,Scanini Panini World Cup 2026 checklist,https://scanini.app/stickers/czechia-14-pavel-sulc,
315,CZE 15,CZE,Czechia,Matej Vydra,Czechia,player,false,Scanini Panini World Cup 2026 checklist,https://scanini.app/stickers/czechia-15-matej-vydra,
316,CZE 16,CZE,Czechia,Vasil Kusej,Czechia,player,false,Scanini Panini World Cup 2026 checklist,https://scanini.app/stickers/czechia-16-vasil-kusej,
317,CZE 17,CZE,Czechia,Tomas Chory,Czechia,player,false,Scanini Panini World Cup 2026 checklist,https://scanini.app/stickers/czechia-17-tomas-chory,
318,CZE 18,CZE,Czechia,Vaclav Cerny,Czechia,player,false,Scanini Panini World Cup 2026 checklist,https://scanini.app/stickers/czechia-18-vaclav-cerny,
319,CZE 19,CZE,Czechia,Adam Hlozek,Czechia,player,false,Scanini Panini World Cup 2026 checklist,https://scanini.app/stickers/czechia-19-adam-hlozek,
320,CZE 20,CZE,Czechia,Patrik Schick,Czechia,player,false,Scanini Panini World Cup 2026 checklist,https://scanini.app/stickers/czechia-20-patrik-schick,
321,ECU 1,ECU,Ecuador,Team Logo,Ecuador,team_logo,true,Scanini Panini World Cup 2026 checklist,https://scanini.app/stickers/ecuador-1-team-logo,
322,ECU 2,ECU,Ecuador,Hernán Galíndez,Ecuador,player,false,Scanini Panini World Cup 2026 checklist,https://scanini.app/stickers/ecuador-2-hernan-galindez,
323,ECU 3,ECU,Ecuador,Gonzalo Valle,Ecuador,player,false,Scanini Panini World Cup 2026 checklist,https://scanini.app/stickers/ecuador-3-gonzalo-valle,
324,ECU 4,ECU,Ecuador,Piero Hincapié,Ecuador,player,false,Scanini Panini World Cup 2026 checklist,https://scanini.app/stickers/ecuador-4-piero-hincapie,
325,ECU 5,ECU,Ecuador,Pervis Estupiñán,Ecuador,player,false,Scanini Panini World Cup 2026 checklist,https://scanini.app/stickers/ecuador-5-pervis-estupinan,
326,ECU 6,ECU,Ecuador,Willian Pacho,Ecuador,player,false,Scanini Panini World Cup 2026 checklist,https://scanini.app/stickers/ecuador-6-willian-pacho,
327,ECU 7,ECU,Ecuador,Ángelo Preciado,Ecuador,player,false,Scanini Panini World Cup 2026 checklist,https://scanini.app/stickers/ecuador-7-angelo-preciado,
328,ECU 8,ECU,Ecuador,Joel Ordóñez,Ecuador,player,false,Scanini Panini World Cup 2026 checklist,https://scanini.app/stickers/ecuador-8-joel-ordonez,
329,ECU 9,ECU,Ecuador,Moises Caicedo,Ecuador,player,false,Scanini Panini World Cup 2026 checklist,https://scanini.app/stickers/ecuador-9-moises-caicedo,
330,ECU 10,ECU,Ecuador,Alan Franco,Ecuador,player,false,Scanini Panini World Cup 2026 checklist,https://scanini.app/stickers/ecuador-10-alan-franco,
331,ECU 11,ECU,Ecuador,Kendry Paez,Ecuador,player,false,Scanini Panini World Cup 2026 checklist,https://scanini.app/stickers/ecuador-11-kendry-paez,
332,ECU 12,ECU,Ecuador,Pedro Vite,Ecuador,player,false,Scanini Panini World Cup 2026 checklist,https://scanini.app/stickers/ecuador-12-pedro-vite,
333,ECU 13,ECU,Ecuador,Team Photo,Ecuador,team_photo,false,Scanini Panini World Cup 2026 checklist,https://scanini.app/stickers/ecuador-13-team-photo,
334,ECU 14,ECU,Ecuador,John Veboah,Ecuador,player,false,Scanini Panini World Cup 2026 checklist,https://scanini.app/stickers/ecuador-14-john-veboah,
335,ECU 15,ECU,Ecuador,Leonardo Campana,Ecuador,player,false,Scanini Panini World Cup 2026 checklist,https://scanini.app/stickers/ecuador-15-leonardo-campana,
336,ECU 16,ECU,Ecuador,Gonzalo Plata,Ecuador,player,false,Scanini Panini World Cup 2026 checklist,https://scanini.app/stickers/ecuador-16-gonzalo-plata,
337,ECU 17,ECU,Ecuador,Nilson Angulo,Ecuador,player,false,Scanini Panini World Cup 2026 checklist,https://scanini.app/stickers/ecuador-17-nilson-angulo,
338,ECU 18,ECU,Ecuador,Alan Minda,Ecuador,player,false,Scanini Panini World Cup 2026 checklist,https://scanini.app/stickers/ecuador-18-alan-minda,
339,ECU 19,ECU,Ecuador,Kevin Rodriguez,Ecuador,player,false,Scanini Panini World Cup 2026 checklist,https://scanini.app/stickers/ecuador-19-kevin-rodriguez,
340,ECU 20,ECU,Ecuador,Enner Valencia,Ecuador,player,false,Scanini Panini World Cup 2026 checklist,https://scanini.app/stickers/ecuador-20-enner-valencia,
341,EGY 1,EGY,Egypt,Team Logo,Egypt,team_logo,true,Scanini Panini World Cup 2026 checklist,https://scanini.app/stickers/egypt-1-team-logo,
342,EGY 2,EGY,Egypt,Mohamed El Shenawy,Egypt,player,false,Scanini Panini World Cup 2026 checklist,https://scanini.app/stickers/egypt-2-mohamed-el-shenawy,
343,EGY 3,EGY,Egypt,Mohamed Hany,Egypt,player,false,Scanini Panini World Cup 2026 checklist,https://scanini.app/stickers/egypt-3-mohamed-hany,
344,EGY 4,EGY,Egypt,Mohamed Hamdy,Egypt,player,false,Scanini Panini World Cup 2026 checklist,https://scanini.app/stickers/egypt-4-mohamed-hamdy,
345,EGY 5,EGY,Egypt,Yasser Ibrahim,Egypt,player,false,Scanini Panini World Cup 2026 checklist,https://scanini.app/stickers/egypt-5-yasser-ibrahim,
346,EGY 6,EGY,Egypt,Khaled Sobhi,Egypt,player,false,Scanini Panini World Cup 2026 checklist,https://scanini.app/stickers/egypt-6-khaled-sobhi,
347,EGY 7,EGY,Egypt,Ramy Rabia,Egypt,player,false,Scanini Panini World Cup 2026 checklist,https://scanini.app/stickers/egypt-7-ramy-rabia,
348,EGY 8,EGY,Egypt,Hossam Abdelmaguid,Egypt,player,false,Scanini Panini World Cup 2026 checklist,https://scanini.app/stickers/egypt-8-hossam-abdelmaguid,
349,EGY 9,EGY,Egypt,Ahmed Fatouh,Egypt,player,false,Scanini Panini World Cup 2026 checklist,https://scanini.app/stickers/egypt-9-ahmed-fatouh,
350,EGY 10,EGY,Egypt,Marwan Attia,Egypt,player,false,Scanini Panini World Cup 2026 checklist,https://scanini.app/stickers/egypt-10-marwan-attia,
351,EGY 11,EGY,Egypt,Zizo,Egypt,player,false,Scanini Panini World Cup 2026 checklist,https://scanini.app/stickers/egypt-11-zizo,
352,EGY 12,EGY,Egypt,Hamdy Fathy,Egypt,player,false,Scanini Panini World Cup 2026 checklist,https://scanini.app/stickers/egypt-12-hamdy-fathy,
353,EGY 13,EGY,Egypt,Team Photo,Egypt,team_photo,false,Scanini Panini World Cup 2026 checklist,https://scanini.app/stickers/egypt-13-team-photo,
354,EGY 14,EGY,Egypt,Mohamed Lasheen,Egypt,player,false,Scanini Panini World Cup 2026 checklist,https://scanini.app/stickers/egypt-14-mohamed-lasheen,
355,EGY 15,EGY,Egypt,Emam Ashour,Egypt,player,false,Scanini Panini World Cup 2026 checklist,https://scanini.app/stickers/egypt-15-emam-ashour,
356,EGY 16,EGY,Egypt,Osama Faisal,Egypt,player,false,Scanini Panini World Cup 2026 checklist,https://scanini.app/stickers/egypt-16-osama-faisal,
357,EGY 17,EGY,Egypt,Mohamed Salah,Egypt,player,false,Scanini Panini World Cup 2026 checklist,https://scanini.app/stickers/egypt-17-mohamed-salah,
358,EGY 18,EGY,Egypt,Mostafa Mohamed,Egypt,player,false,Scanini Panini World Cup 2026 checklist,https://scanini.app/stickers/egypt-18-mostafa-mohamed,
359,EGY 19,EGY,Egypt,Trezeguet,Egypt,player,false,Scanini Panini World Cup 2026 checklist,https://scanini.app/stickers/egypt-19-trezeguet,
360,EGY 20,EGY,Egypt,Omar Marmoush,Egypt,player,false,Scanini Panini World Cup 2026 checklist,https://scanini.app/stickers/egypt-20-omar-marmoush,
361,ENG 1,ENG,England,Team Logo,England,team_logo,true,Scanini Panini World Cup 2026 checklist,https://scanini.app/stickers/england-1-team-logo,
362,ENG 2,ENG,England,Jordan Pickford,England,player,false,Scanini Panini World Cup 2026 checklist,https://scanini.app/stickers/england-2-jordan-pickford,
363,ENG 3,ENG,England,John Stones,England,player,false,Scanini Panini World Cup 2026 checklist,https://scanini.app/stickers/england-3-john-stones,
364,ENG 4,ENG,England,Marc Guéhi,England,player,false,Scanini Panini World Cup 2026 checklist,https://scanini.app/stickers/england-4-marc-guehi,
365,ENG 5,ENG,England,Ezri Konsa,England,player,false,Scanini Panini World Cup 2026 checklist,https://scanini.app/stickers/england-5-ezri-konsa,
366,ENG 6,ENG,England,Trent Alexander-Arnold,England,player,false,Scanini Panini World Cup 2026 checklist,https://scanini.app/stickers/england-6-trent-alexander-arnold,
367,ENG 7,ENG,England,Reece James,England,player,false,Scanini Panini World Cup 2026 checklist,https://scanini.app/stickers/england-7-reece-james,
368,ENG 8,ENG,England,Dan Burn,England,player,false,Scanini Panini World Cup 2026 checklist,https://scanini.app/stickers/england-8-dan-burn,
369,ENG 9,ENG,England,Jordan Henderson,England,player,false,Scanini Panini World Cup 2026 checklist,https://scanini.app/stickers/england-9-jordan-henderson,
370,ENG 10,ENG,England,Declan Rice,England,player,false,Scanini Panini World Cup 2026 checklist,https://scanini.app/stickers/england-10-declan-rice,
371,ENG 11,ENG,England,Jude Bellingham,England,player,false,Scanini Panini World Cup 2026 checklist,https://scanini.app/stickers/england-11-jude-bellingham,
372,ENG 12,ENG,England,Cole Palmer,England,player,false,Scanini Panini World Cup 2026 checklist,https://scanini.app/stickers/england-12-cole-palmer,
373,ENG 13,ENG,England,Team Photo,England,team_photo,false,Scanini Panini World Cup 2026 checklist,https://scanini.app/stickers/england-13-team-photo,
374,ENG 14,ENG,England,Morgan Rogers,England,player,false,Scanini Panini World Cup 2026 checklist,https://scanini.app/stickers/england-14-morgan-rogers,
375,ENG 15,ENG,England,Anthony Gordon,England,player,false,Scanini Panini World Cup 2026 checklist,https://scanini.app/stickers/england-15-anthony-gordon,
376,ENG 16,ENG,England,Phil Foden,England,player,false,Scanini Panini World Cup 2026 checklist,https://scanini.app/stickers/england-16-phil-foden,
377,ENG 17,ENG,England,Bukayo Saka,England,player,false,Scanini Panini World Cup 2026 checklist,https://scanini.app/stickers/england-17-bukayo-saka,
378,ENG 18,ENG,England,Harry Kane,England,player,false,Scanini Panini World Cup 2026 checklist,https://scanini.app/stickers/england-18-harry-kane,
379,ENG 19,ENG,England,Marcus Rashford,England,player,false,Scanini Panini World Cup 2026 checklist,https://scanini.app/stickers/england-19-marcus-rashford,
380,ENG 20,ENG,England,Ollie Watkins,England,player,false,Scanini Panini World Cup 2026 checklist,https://scanini.app/stickers/england-20-ollie-watkins,
381,ESP 1,ESP,Spain,Team Logo,Spain,team_logo,true,Scanini Panini World Cup 2026 checklist,https://scanini.app/stickers/spain-1-team-logo,
382,ESP 2,ESP,Spain,Unai Simon,Spain,player,false,Scanini Panini World Cup 2026 checklist,https://scanini.app/stickers/spain-2-unai-simon,
383,ESP 3,ESP,Spain,Robin Le Normand,Spain,player,false,Scanini Panini World Cup 2026 checklist,https://scanini.app/stickers/spain-3-robin-le-normand,
384,ESP 4,ESP,Spain,Aymeric Laporte,Spain,player,false,Scanini Panini World Cup 2026 checklist,https://scanini.app/stickers/spain-4-aymeric-laporte,
385,ESP 5,ESP,Spain,Dean Huijsen,Spain,player,false,Scanini Panini World Cup 2026 checklist,https://scanini.app/stickers/spain-5-dean-huijsen,
386,ESP 6,ESP,Spain,Pedro Porro,Spain,player,false,Scanini Panini World Cup 2026 checklist,https://scanini.app/stickers/spain-6-pedro-porro,
387,ESP 7,ESP,Spain,Dani Carvajal,Spain,player,false,Scanini Panini World Cup 2026 checklist,https://scanini.app/stickers/spain-7-dani-carvajal,
388,ESP 8,ESP,Spain,Marc Cucurella,Spain,player,false,Scanini Panini World Cup 2026 checklist,https://scanini.app/stickers/spain-8-marc-cucurella,
389,ESP 9,ESP,Spain,Martín Zubimendi,Spain,player,false,Scanini Panini World Cup 2026 checklist,https://scanini.app/stickers/spain-9-martin-zubimendi,
390,ESP 10,ESP,Spain,Rodri,Spain,player,false,Scanini Panini World Cup 2026 checklist,https://scanini.app/stickers/spain-10-rodri,
391,ESP 11,ESP,Spain,Pedri,Spain,player,false,Scanini Panini World Cup 2026 checklist,https://scanini.app/stickers/spain-11-pedri,
392,ESP 12,ESP,Spain,Fabian Ruiz,Spain,player,false,Scanini Panini World Cup 2026 checklist,https://scanini.app/stickers/spain-12-fabian-ruiz,
393,ESP 13,ESP,Spain,Team Photo,Spain,team_photo,false,Scanini Panini World Cup 2026 checklist,https://scanini.app/stickers/spain-13-team-photo,
394,ESP 14,ESP,Spain,Mikel Merino,Spain,player,false,Scanini Panini World Cup 2026 checklist,https://scanini.app/stickers/spain-14-mikel-merino,
395,ESP 15,ESP,Spain,Lamine Yamal,Spain,player,false,Scanini Panini World Cup 2026 checklist,https://scanini.app/stickers/spain-15-lamine-yamal,
396,ESP 16,ESP,Spain,Dani Olmo,Spain,player,false,Scanini Panini World Cup 2026 checklist,https://scanini.app/stickers/spain-16-dani-olmo,
397,ESP 17,ESP,Spain,Nico Williams,Spain,player,false,Scanini Panini World Cup 2026 checklist,https://scanini.app/stickers/spain-17-nico-williams,
398,ESP 18,ESP,Spain,Ferran Torres,Spain,player,false,Scanini Panini World Cup 2026 checklist,https://scanini.app/stickers/spain-18-ferran-torres,
399,ESP 19,ESP,Spain,Álvaro Morata,Spain,player,false,Scanini Panini World Cup 2026 checklist,https://scanini.app/stickers/spain-19-alvaro-morata,
400,ESP 20,ESP,Spain,Mikel Oyarzabal,Spain,player,false,Scanini Panini World Cup 2026 checklist,https://scanini.app/stickers/spain-20-mikel-oyarzabal,
401,FRA 1,FRA,France,Team Logo,France,team_logo,true,Scanini Panini World Cup 2026 checklist,https://scanini.app/stickers/france-1-team-logo,
402,FRA 2,FRA,France,Mike Maignan,France,player,false,Scanini Panini World Cup 2026 checklist,https://scanini.app/stickers/france-2-mike-maignan,
403,FRA 3,FRA,France,Theo Hernandez,France,player,false,Scanini Panini World Cup 2026 checklist,https://scanini.app/stickers/france-3-theo-hernandez,
404,FRA 4,FRA,France,William Saliba,France,player,false,Scanini Panini World Cup 2026 checklist,https://scanini.app/stickers/france-4-william-saliba,
405,FRA 5,FRA,France,Jules Kounde,France,player,false,Scanini Panini World Cup 2026 checklist,https://scanini.app/stickers/france-5-jules-kounde,
406,FRA 6,FRA,France,Ibrahima Konate,France,player,false,Scanini Panini World Cup 2026 checklist,https://scanini.app/stickers/france-6-ibrahima-konate,
407,FRA 7,FRA,France,Dayot Upamecano,France,player,false,Scanini Panini World Cup 2026 checklist,https://scanini.app/stickers/france-7-dayot-upamecano,
408,FRA 8,FRA,France,Lucas Digne,France,player,false,Scanini Panini World Cup 2026 checklist,https://scanini.app/stickers/france-8-lucas-digne,
409,FRA 9,FRA,France,Aurélien Tchouaméni,France,player,false,Scanini Panini World Cup 2026 checklist,https://scanini.app/stickers/france-9-aurelien-tchouameni,
410,FRA 10,FRA,France,Eduardo Camavinga,France,player,false,Scanini Panini World Cup 2026 checklist,https://scanini.app/stickers/france-10-eduardo-camavinga,
411,FRA 11,FRA,France,Manu Kone,France,player,false,Scanini Panini World Cup 2026 checklist,https://scanini.app/stickers/france-11-manu-kone,
412,FRA 12,FRA,France,Adrien Rabiot,France,player,false,Scanini Panini World Cup 2026 checklist,https://scanini.app/stickers/france-12-adrien-rabiot,
413,FRA 13,FRA,France,Team Photo,France,team_photo,false,Scanini Panini World Cup 2026 checklist,https://scanini.app/stickers/france-13-team-photo,
414,FRA 14,FRA,France,Michael Olise,France,player,false,Scanini Panini World Cup 2026 checklist,https://scanini.app/stickers/france-14-michael-olise,
415,FRA 15,FRA,France,Ousmane Dembele,France,player,false,Scanini Panini World Cup 2026 checklist,https://scanini.app/stickers/france-15-ousmane-dembele,
416,FRA 16,FRA,France,Bradley Barcola,France,player,false,Scanini Panini World Cup 2026 checklist,https://scanini.app/stickers/france-16-bradley-barcola,
417,FRA 17,FRA,France,Désiré Doué,France,player,false,Scanini Panini World Cup 2026 checklist,https://scanini.app/stickers/france-17-desire-doue,
418,FRA 18,FRA,France,Kingsley Coman,France,player,false,Scanini Panini World Cup 2026 checklist,https://scanini.app/stickers/france-18-kingsley-coman,
419,FRA 19,FRA,France,Hugo Ekitike,France,player,false,Scanini Panini World Cup 2026 checklist,https://scanini.app/stickers/france-19-hugo-ekitike,
420,FRA 20,FRA,France,Kylian Mbappe,France,player,false,Scanini Panini World Cup 2026 checklist,https://scanini.app/stickers/france-20-kylian-mbappe,
421,GER 1,GER,Germany,Team Logo,Germany,team_logo,true,Scanini Panini World Cup 2026 checklist,https://scanini.app/stickers/germany-1-team-logo,
422,GER 2,GER,Germany,Marc-André ter Stegen,Germany,player,false,Scanini Panini World Cup 2026 checklist,https://scanini.app/stickers/germany-2-marc-andre-ter-stegen,
423,GER 3,GER,Germany,Jonathan Tah,Germany,player,false,Scanini Panini World Cup 2026 checklist,https://scanini.app/stickers/germany-3-jonathan-tah,
424,GER 4,GER,Germany,David Raum,Germany,player,false,Scanini Panini World Cup 2026 checklist,https://scanini.app/stickers/germany-4-david-raum,
425,GER 5,GER,Germany,Nico Schlotterbeck,Germany,player,false,Scanini Panini World Cup 2026 checklist,https://scanini.app/stickers/germany-5-nico-schlotterbeck,
426,GER 6,GER,Germany,Antonio Rüdiger,Germany,player,false,Scanini Panini World Cup 2026 checklist,https://scanini.app/stickers/germany-6-antonio-rudiger,
427,GER 7,GER,Germany,Waldemar Anton,Germany,player,false,Scanini Panini World Cup 2026 checklist,https://scanini.app/stickers/germany-7-waldemar-anton,
428,GER 8,GER,Germany,Ridle Baku,Germany,player,false,Scanini Panini World Cup 2026 checklist,https://scanini.app/stickers/germany-8-ridle-baku,
429,GER 9,GER,Germany,Maximilian Mittelstadt,Germany,player,false,Scanini Panini World Cup 2026 checklist,https://scanini.app/stickers/germany-9-maximilian-mittelstadt,
430,GER 10,GER,Germany,Joshua Kimmich,Germany,player,false,Scanini Panini World Cup 2026 checklist,https://scanini.app/stickers/germany-10-joshua-kimmich,
431,GER 11,GER,Germany,Florian Wirtz,Germany,player,false,Scanini Panini World Cup 2026 checklist,https://scanini.app/stickers/germany-11-florian-wirtz,
432,GER 12,GER,Germany,Felix Nmecha,Germany,player,false,Scanini Panini World Cup 2026 checklist,https://scanini.app/stickers/germany-12-felix-nmecha,
433,GER 13,GER,Germany,Team Photo,Germany,team_photo,false,Scanini Panini World Cup 2026 checklist,https://scanini.app/stickers/germany-13-team-photo,
434,GER 14,GER,Germany,Leon Goretzka,Germany,player,false,Scanini Panini World Cup 2026 checklist,https://scanini.app/stickers/germany-14-leon-goretzka,
435,GER 15,GER,Germany,Jamal Musiala,Germany,player,false,Scanini Panini World Cup 2026 checklist,https://scanini.app/stickers/germany-15-jamal-musiala,
436,GER 16,GER,Germany,Serge Gnabry,Germany,player,false,Scanini Panini World Cup 2026 checklist,https://scanini.app/stickers/germany-16-serge-gnabry,
437,GER 17,GER,Germany,Kai Havertz,Germany,player,false,Scanini Panini World Cup 2026 checklist,https://scanini.app/stickers/germany-17-kai-havertz,
438,GER 18,GER,Germany,Leroy Sane,Germany,player,false,Scanini Panini World Cup 2026 checklist,https://scanini.app/stickers/germany-18-leroy-sane,
439,GER 19,GER,Germany,Karim Adeyemi,Germany,player,false,Scanini Panini World Cup 2026 checklist,https://scanini.app/stickers/germany-19-karim-adeyemi,
440,GER 20,GER,Germany,Nick Woltemade,Germany,player,false,Scanini Panini World Cup 2026 checklist,https://scanini.app/stickers/germany-20-nick-woltemade,
441,GHA 1,GHA,Ghana,Team Logo,Ghana,team_logo,true,Scanini Panini World Cup 2026 checklist,https://scanini.app/stickers/ghana-1-team-logo,
442,GHA 2,GHA,Ghana,Lawrence Ati Zigi,Ghana,player,false,Scanini Panini World Cup 2026 checklist,https://scanini.app/stickers/ghana-2-lawrence-ati-zigi,
443,GHA 3,GHA,Ghana,Tariq Lamptey,Ghana,player,false,Scanini Panini World Cup 2026 checklist,https://scanini.app/stickers/ghana-3-tariq-lamptey,
444,GHA 4,GHA,Ghana,Mohammed Salisu,Ghana,player,false,Scanini Panini World Cup 2026 checklist,https://scanini.app/stickers/ghana-4-mohammed-salisu,
445,GHA 5,GHA,Ghana,Alidu Seidu,Ghana,player,false,Scanini Panini World Cup 2026 checklist,https://scanini.app/stickers/ghana-5-alidu-seidu,
446,GHA 6,GHA,Ghana,Alexander Djiku,Ghana,player,false,Scanini Panini World Cup 2026 checklist,https://scanini.app/stickers/ghana-6-alexander-djiku,
447,GHA 7,GHA,Ghana,Gideon Mensah,Ghana,player,false,Scanini Panini World Cup 2026 checklist,https://scanini.app/stickers/ghana-7-gideon-mensah,
448,GHA 8,GHA,Ghana,Caleb Yirenkyi,Ghana,player,false,Scanini Panini World Cup 2026 checklist,https://scanini.app/stickers/ghana-8-caleb-yirenkyi,
449,GHA 9,GHA,Ghana,Abdul Issahaku Fatawu,Ghana,player,false,Scanini Panini World Cup 2026 checklist,https://scanini.app/stickers/ghana-9-abdul-issahaku-fatawu,
450,GHA 10,GHA,Ghana,Thomas Partey,Ghana,player,false,Scanini Panini World Cup 2026 checklist,https://scanini.app/stickers/ghana-10-thomas-partey,
451,GHA 11,GHA,Ghana,Salis Abdul Samed,Ghana,player,false,Scanini Panini World Cup 2026 checklist,https://scanini.app/stickers/ghana-11-salis-abdul-samed,
452,GHA 12,GHA,Ghana,Kamaldeen Sulemana,Ghana,player,false,Scanini Panini World Cup 2026 checklist,https://scanini.app/stickers/ghana-12-kamaldeen-sulemana,
453,GHA 13,GHA,Ghana,Team Photo,Ghana,team_photo,false,Scanini Panini World Cup 2026 checklist,https://scanini.app/stickers/ghana-13-team-photo,
454,GHA 14,GHA,Ghana,Mohammed Kudus,Ghana,player,false,Scanini Panini World Cup 2026 checklist,https://scanini.app/stickers/ghana-14-mohammed-kudus,
455,GHA 15,GHA,Ghana,Inaki Williams,Ghana,player,false,Scanini Panini World Cup 2026 checklist,https://scanini.app/stickers/ghana-15-inaki-williams,
456,GHA 16,GHA,Ghana,Jordan Ayew,Ghana,player,false,Scanini Panini World Cup 2026 checklist,https://scanini.app/stickers/ghana-16-jordan-ayew,
457,GHA 17,GHA,Ghana,Andrew Ayew,Ghana,player,false,Scanini Panini World Cup 2026 checklist,https://scanini.app/stickers/ghana-17-andrew-ayew,
458,GHA 18,GHA,Ghana,Joseph Paintsil,Ghana,player,false,Scanini Panini World Cup 2026 checklist,https://scanini.app/stickers/ghana-18-joseph-paintsil,
459,GHA 19,GHA,Ghana,Osman Bukari,Ghana,player,false,Scanini Panini World Cup 2026 checklist,https://scanini.app/stickers/ghana-19-osman-bukari,
460,GHA 20,GHA,Ghana,Antoine Semenyo,Ghana,player,false,Scanini Panini World Cup 2026 checklist,https://scanini.app/stickers/ghana-20-antoine-semenyo,
461,HAI 1,HAI,Haiti,Team Logo,Haiti,team_logo,true,Scanini Panini World Cup 2026 checklist,https://scanini.app/stickers/haiti-1-team-logo,
462,HAI 2,HAI,Haiti,Johny Placide,Haiti,player,false,Scanini Panini World Cup 2026 checklist,https://scanini.app/stickers/haiti-2-johny-placide,
463,HAI 3,HAI,Haiti,Carlens Arcus,Haiti,player,false,Scanini Panini World Cup 2026 checklist,https://scanini.app/stickers/haiti-3-carlens-arcus,
464,HAI 4,HAI,Haiti,Martin Expérience,Haiti,player,false,Scanini Panini World Cup 2026 checklist,https://scanini.app/stickers/haiti-4-martin-experience,
465,HAI 5,HAI,Haiti,Jean-Kevin Duverne,Haiti,player,false,Scanini Panini World Cup 2026 checklist,https://scanini.app/stickers/haiti-5-jean-kevin-duverne,
466,HAI 6,HAI,Haiti,Ricardo Adé,Haiti,player,false,Scanini Panini World Cup 2026 checklist,https://scanini.app/stickers/haiti-6-ricardo-ade,
467,HAI 7,HAI,Haiti,Duke Lacroix,Haiti,player,false,Scanini Panini World Cup 2026 checklist,https://scanini.app/stickers/haiti-7-duke-lacroix,
468,HAI 8,HAI,Haiti,Garven Metusala,Haiti,player,false,Scanini Panini World Cup 2026 checklist,https://scanini.app/stickers/haiti-8-garven-metusala,
469,HAI 9,HAI,Haiti,Hannes Delcroix,Haiti,player,false,Scanini Panini World Cup 2026 checklist,https://scanini.app/stickers/haiti-9-hannes-delcroix,
470,HAI 10,HAI,Haiti,Leverton Pierre,Haiti,player,false,Scanini Panini World Cup 2026 checklist,https://scanini.app/stickers/haiti-10-leverton-pierre,
471,HAI 11,HAI,Haiti,Danley Jean Jacques,Haiti,player,false,Scanini Panini World Cup 2026 checklist,https://scanini.app/stickers/haiti-11-danley-jean-jacques,
472,HAI 12,HAI,Haiti,Jean-Ricner Bellegarde,Haiti,player,false,Scanini Panini World Cup 2026 checklist,https://scanini.app/stickers/haiti-12-jean-ricner-bellegarde,
473,HAI 13,HAI,Haiti,Team Photo,Haiti,team_photo,false,Scanini Panini World Cup 2026 checklist,https://scanini.app/stickers/haiti-13-team-photo,
474,HAI 14,HAI,Haiti,Christopher Attys,Haiti,player,false,Scanini Panini World Cup 2026 checklist,https://scanini.app/stickers/haiti-14-christopher-attys,
475,HAI 15,HAI,Haiti,Derrick Etienne Jr,Haiti,player,false,Scanini Panini World Cup 2026 checklist,https://scanini.app/stickers/haiti-15-derrick-etienne-jr,
476,HAI 16,HAI,Haiti,Josue Casimir,Haiti,player,false,Scanini Panini World Cup 2026 checklist,https://scanini.app/stickers/haiti-16-josue-casimir,
477,HAI 17,HAI,Haiti,Ruben Providence,Haiti,player,false,Scanini Panini World Cup 2026 checklist,https://scanini.app/stickers/haiti-17-ruben-providence,
478,HAI 18,HAI,Haiti,Duckens Nazon,Haiti,player,false,Scanini Panini World Cup 2026 checklist,https://scanini.app/stickers/haiti-18-duckens-nazon,
479,HAI 19,HAI,Haiti,Louicius Deedson,Haiti,player,false,Scanini Panini World Cup 2026 checklist,https://scanini.app/stickers/haiti-19-louicius-deedson,
480,HAI 20,HAI,Haiti,Frantzdy Pierrot,Haiti,player,false,Scanini Panini World Cup 2026 checklist,https://scanini.app/stickers/haiti-20-frantzdy-pierrot,
481,IRN 1,IRN,Iran,Team Logo,Iran,team_logo,true,Scanini Panini World Cup 2026 checklist,https://scanini.app/stickers/iran-1-team-logo,
482,IRN 2,IRN,Iran,Alireza Beiranvand,Iran,player,false,Scanini Panini World Cup 2026 checklist,https://scanini.app/stickers/iran-2-alireza-beiranvand,
483,IRN 3,IRN,Iran,Morteza Pouraliganji,Iran,player,false,Scanini Panini World Cup 2026 checklist,https://scanini.app/stickers/iran-3-morteza-pouraliganji,
484,IRN 4,IRN,Iran,Ehsan Hajsafi,Iran,player,false,Scanini Panini World Cup 2026 checklist,https://scanini.app/stickers/iran-4-ehsan-hajsafi,
485,IRN 5,IRN,Iran,Milad Mohammadi,Iran,player,false,Scanini Panini World Cup 2026 checklist,https://scanini.app/stickers/iran-5-milad-mohammadi,
486,IRN 6,IRN,Iran,Shojae Khalilzadeh,Iran,player,false,Scanini Panini World Cup 2026 checklist,https://scanini.app/stickers/iran-6-shojae-khalilzadeh,
487,IRN 7,IRN,Iran,Ramin Rezaeian,Iran,player,false,Scanini Panini World Cup 2026 checklist,https://scanini.app/stickers/iran-7-ramin-rezaeian,
488,IRN 8,IRN,Iran,Hossein Kanaani,Iran,player,false,Scanini Panini World Cup 2026 checklist,https://scanini.app/stickers/iran-8-hossein-kanaani,
489,IRN 9,IRN,Iran,Sadegh Moharrami,Iran,player,false,Scanini Panini World Cup 2026 checklist,https://scanini.app/stickers/iran-9-sadegh-moharrami,
490,IRN 10,IRN,Iran,Saleh Hardani,Iran,player,false,Scanini Panini World Cup 2026 checklist,https://scanini.app/stickers/iran-10-saleh-hardani,
491,IRN 11,IRN,Iran,Saeed Ezatolahi,Iran,player,false,Scanini Panini World Cup 2026 checklist,https://scanini.app/stickers/iran-11-saeed-ezatolahi,
492,IRN 12,IRN,Iran,Saman Ghoddos,Iran,player,false,Scanini Panini World Cup 2026 checklist,https://scanini.app/stickers/iran-12-saman-ghoddos,
493,IRN 13,IRN,Iran,Team Photo,Iran,team_photo,false,Scanini Panini World Cup 2026 checklist,https://scanini.app/stickers/iran-13-team-photo,
494,IRN 14,IRN,Iran,Omid Noorafkan,Iran,player,false,Scanini Panini World Cup 2026 checklist,https://scanini.app/stickers/iran-14-omid-noorafkan,
495,IRN 15,IRN,Iran,Roozbeh Cheshmi,Iran,player,false,Scanini Panini World Cup 2026 checklist,https://scanini.app/stickers/iran-15-roozbeh-cheshmi,
496,IRN 16,IRN,Iran,Mohammad Mohebi,Iran,player,false,Scanini Panini World Cup 2026 checklist,https://scanini.app/stickers/iran-16-mohammad-mohebi,
497,IRN 17,IRN,Iran,Sardar Azmoun,Iran,player,false,Scanini Panini World Cup 2026 checklist,https://scanini.app/stickers/iran-17-sardar-azmoun,
498,IRN 18,IRN,Iran,Mehdi Taremi,Iran,player,false,Scanini Panini World Cup 2026 checklist,https://scanini.app/stickers/iran-18-mehdi-taremi,
499,IRN 19,IRN,Iran,Alireza Jahanbakhsh,Iran,player,false,Scanini Panini World Cup 2026 checklist,https://scanini.app/stickers/iran-19-alireza-jahanbakhsh,
500,IRN 20,IRN,Iran,Ali Gholizadeh,Iran,player,false,Scanini Panini World Cup 2026 checklist,https://scanini.app/stickers/iran-20-ali-gholizadeh,
501,IRQ 1,IRQ,Iraq,Team Logo,Iraq,team_logo,true,Scanini Panini World Cup 2026 checklist,https://scanini.app/stickers/iraq-1-team-logo,
502,IRQ 2,IRQ,Iraq,Jalal Hassan,Iraq,player,false,Scanini Panini World Cup 2026 checklist,https://scanini.app/stickers/iraq-2-jalal-hassan,
503,IRQ 3,IRQ,Iraq,Rebin Sulaka,Iraq,player,false,Scanini Panini World Cup 2026 checklist,https://scanini.app/stickers/iraq-3-rebin-sulaka,
504,IRQ 4,IRQ,Iraq,Hussein Ali,Iraq,player,false,Scanini Panini World Cup 2026 checklist,https://scanini.app/stickers/iraq-4-hussein-ali,
505,IRQ 5,IRQ,Iraq,Akam Hashem,Iraq,player,false,Scanini Panini World Cup 2026 checklist,https://scanini.app/stickers/iraq-5-akam-hashem,
506,IRQ 6,IRQ,Iraq,Merchas Doski,Iraq,player,false,Scanini Panini World Cup 2026 checklist,https://scanini.app/stickers/iraq-6-merchas-doski,
507,IRQ 7,IRQ,Iraq,Zaid Tahseen,Iraq,player,false,Scanini Panini World Cup 2026 checklist,https://scanini.app/stickers/iraq-7-zaid-tahseen,
508,IRQ 8,IRQ,Iraq,Manaf Younis,Iraq,player,false,Scanini Panini World Cup 2026 checklist,https://scanini.app/stickers/iraq-8-manaf-younis,
509,IRQ 9,IRQ,Iraq,Zidane Iqbal,Iraq,player,false,Scanini Panini World Cup 2026 checklist,https://scanini.app/stickers/iraq-9-zidane-iqbal,
510,IRQ 10,IRQ,Iraq,Amir Al-Ammari,Iraq,player,false,Scanini Panini World Cup 2026 checklist,https://scanini.app/stickers/iraq-10-amir-al-ammari,
511,IRQ 11,IRQ,Iraq,Ibrahim Bavesh,Iraq,player,false,Scanini Panini World Cup 2026 checklist,https://scanini.app/stickers/iraq-11-ibrahim-bavesh,
512,IRQ 12,IRQ,Iraq,Ali Jasim,Iraq,player,false,Scanini Panini World Cup 2026 checklist,https://scanini.app/stickers/iraq-12-ali-jasim,
513,IRQ 13,IRQ,Iraq,Team Photo,Iraq,team_photo,false,Scanini Panini World Cup 2026 checklist,https://scanini.app/stickers/iraq-13-team-photo,
514,IRQ 14,IRQ,Iraq,Youssef Amyn,Iraq,player,false,Scanini Panini World Cup 2026 checklist,https://scanini.app/stickers/iraq-14-youssef-amyn,
515,IRQ 15,IRQ,Iraq,Aimar Sher,Iraq,player,false,Scanini Panini World Cup 2026 checklist,https://scanini.app/stickers/iraq-15-aimar-sher,
516,IRQ 16,IRQ,Iraq,Marko Farji,Iraq,player,false,Scanini Panini World Cup 2026 checklist,https://scanini.app/stickers/iraq-16-marko-farji,
517,IRQ 17,IRQ,Iraq,Osama Rashid,Iraq,player,false,Scanini Panini World Cup 2026 checklist,https://scanini.app/stickers/iraq-17-osama-rashid,
518,IRQ 18,IRQ,Iraq,Ali Al-Hamadi,Iraq,player,false,Scanini Panini World Cup 2026 checklist,https://scanini.app/stickers/iraq-18-ali-al-hamadi,
519,IRQ 19,IRQ,Iraq,Aymen Hussein,Iraq,player,false,Scanini Panini World Cup 2026 checklist,https://scanini.app/stickers/iraq-19-aymen-hussein,
520,IRQ 20,IRQ,Iraq,Mohanad Ali,Iraq,player,false,Scanini Panini World Cup 2026 checklist,https://scanini.app/stickers/iraq-20-mohanad-ali,
521,JOR 1,JOR,Jordan,Team Logo,Jordan,team_logo,true,Scanini Panini World Cup 2026 checklist,https://scanini.app/stickers/jordan-1-team-logo,
522,JOR 2,JOR,Jordan,Yazeed Abulaila,Jordan,player,false,Scanini Panini World Cup 2026 checklist,https://scanini.app/stickers/jordan-2-yazeed-abulaila,
523,JOR 3,JOR,Jordan,Ihsan Haddad,Jordan,player,false,Scanini Panini World Cup 2026 checklist,https://scanini.app/stickers/jordan-3-ihsan-haddad,
524,JOR 4,JOR,Jordan,Mohammad Abu Hashish,Jordan,player,false,Scanini Panini World Cup 2026 checklist,https://scanini.app/stickers/jordan-4-mohammad-abu-hashish,
525,JOR 5,JOR,Jordan,Yazan Al-Arab,Jordan,player,false,Scanini Panini World Cup 2026 checklist,https://scanini.app/stickers/jordan-5-yazan-al-arab,
526,JOR 6,JOR,Jordan,Abdallah Nasib,Jordan,player,false,Scanini Panini World Cup 2026 checklist,https://scanini.app/stickers/jordan-6-abdallah-nasib,
527,JOR 7,JOR,Jordan,Saleem Obaid,Jordan,player,false,Scanini Panini World Cup 2026 checklist,https://scanini.app/stickers/jordan-7-saleem-obaid,
528,JOR 8,JOR,Jordan,Mohammad Abualnadi,Jordan,player,false,Scanini Panini World Cup 2026 checklist,https://scanini.app/stickers/jordan-8-mohammad-abualnadi,
529,JOR 9,JOR,Jordan,Ibrahim Saadeh,Jordan,player,false,Scanini Panini World Cup 2026 checklist,https://scanini.app/stickers/jordan-9-ibrahim-saadeh,
530,JOR 10,JOR,Jordan,Nizar Al-Rashdan,Jordan,player,false,Scanini Panini World Cup 2026 checklist,https://scanini.app/stickers/jordan-10-nizar-al-rashdan,
531,JOR 11,JOR,Jordan,Noor Al-Rawabdeh,Jordan,player,false,Scanini Panini World Cup 2026 checklist,https://scanini.app/stickers/jordan-11-noor-al-rawabdeh,
532,JOR 12,JOR,Jordan,Mohannad Abu Taha,Jordan,player,false,Scanini Panini World Cup 2026 checklist,https://scanini.app/stickers/jordan-12-mohannad-abu-taha,
533,JOR 13,JOR,Jordan,Team Photo,Jordan,team_photo,false,Scanini Panini World Cup 2026 checklist,https://scanini.app/stickers/jordan-13-team-photo,
534,JOR 14,JOR,Jordan,Amer Jamous,Jordan,player,false,Scanini Panini World Cup 2026 checklist,https://scanini.app/stickers/jordan-14-amer-jamous,
535,JOR 15,JOR,Jordan,Musa Al-Taamari,Jordan,player,false,Scanini Panini World Cup 2026 checklist,https://scanini.app/stickers/jordan-15-musa-al-taamari,
536,JOR 16,JOR,Jordan,Yazan Al-Naimat,Jordan,player,false,Scanini Panini World Cup 2026 checklist,https://scanini.app/stickers/jordan-16-yazan-al-naimat,
537,JOR 17,JOR,Jordan,Mahmoud Al-Mardi,Jordan,player,false,Scanini Panini World Cup 2026 checklist,https://scanini.app/stickers/jordan-17-mahmoud-al-mardi,
538,JOR 18,JOR,Jordan,Ali Olwan,Jordan,player,false,Scanini Panini World Cup 2026 checklist,https://scanini.app/stickers/jordan-18-ali-olwan,
539,JOR 19,JOR,Jordan,Mohammad Abu Zrayq,Jordan,player,false,Scanini Panini World Cup 2026 checklist,https://scanini.app/stickers/jordan-19-mohammad-abu-zrayq,
540,JOR 20,JOR,Jordan,Ibrahim Sabra,Jordan,player,false,Scanini Panini World Cup 2026 checklist,https://scanini.app/stickers/jordan-20-ibrahim-sabra,
541,JPN 1,JPN,Japan,Team Logo,Japan,team_logo,true,Scanini Panini World Cup 2026 checklist,https://scanini.app/stickers/japan-1-team-logo,
542,JPN 2,JPN,Japan,Zion Suzuki,Japan,player,false,Scanini Panini World Cup 2026 checklist,https://scanini.app/stickers/japan-2-zion-suzuki,
543,JPN 3,JPN,Japan,Henry Heroki Mochizuki,Japan,player,false,Scanini Panini World Cup 2026 checklist,https://scanini.app/stickers/japan-3-henry-heroki-mochizuki,
544,JPN 4,JPN,Japan,Ayumu Seko,Japan,player,false,Scanini Panini World Cup 2026 checklist,https://scanini.app/stickers/japan-4-ayumu-seko,
545,JPN 5,JPN,Japan,Junnosuke Suzuki,Japan,player,false,Scanini Panini World Cup 2026 checklist,https://scanini.app/stickers/japan-5-junnosuke-suzuki,
546,JPN 6,JPN,Japan,Shogo Taniguchi,Japan,player,false,Scanini Panini World Cup 2026 checklist,https://scanini.app/stickers/japan-6-shogo-taniguchi,
547,JPN 7,JPN,Japan,Tsuyoshi Watanabe,Japan,player,false,Scanini Panini World Cup 2026 checklist,https://scanini.app/stickers/japan-7-tsuyoshi-watanabe,
548,JPN 8,JPN,Japan,Kaishu Sano,Japan,player,false,Scanini Panini World Cup 2026 checklist,https://scanini.app/stickers/japan-8-kaishu-sano,
549,JPN 9,JPN,Japan,Yuki Soma,Japan,player,false,Scanini Panini World Cup 2026 checklist,https://scanini.app/stickers/japan-9-yuki-soma,
550,JPN 10,JPN,Japan,Ao Tanaka,Japan,player,false,Scanini Panini World Cup 2026 checklist,https://scanini.app/stickers/japan-10-ao-tanaka,
551,JPN 11,JPN,Japan,Daichi Kamada,Japan,player,false,Scanini Panini World Cup 2026 checklist,https://scanini.app/stickers/japan-11-daichi-kamada,
552,JPN 12,JPN,Japan,Takefusa Kubo,Japan,player,false,Scanini Panini World Cup 2026 checklist,https://scanini.app/stickers/japan-12-takefusa-kubo,
553,JPN 13,JPN,Japan,Team Photo,Japan,team_photo,false,Scanini Panini World Cup 2026 checklist,https://scanini.app/stickers/japan-13-team-photo,
554,JPN 14,JPN,Japan,Ritsu Doan,Japan,player,false,Scanini Panini World Cup 2026 checklist,https://scanini.app/stickers/japan-14-ritsu-doan,
555,JPN 15,JPN,Japan,Keito Nakamura,Japan,player,false,Scanini Panini World Cup 2026 checklist,https://scanini.app/stickers/japan-15-keito-nakamura,
556,JPN 16,JPN,Japan,Takumi Minamino,Japan,player,false,Scanini Panini World Cup 2026 checklist,https://scanini.app/stickers/japan-16-takumi-minamino,
557,JPN 17,JPN,Japan,Shuto Machino,Japan,player,false,Scanini Panini World Cup 2026 checklist,https://scanini.app/stickers/japan-17-shuto-machino,
558,JPN 18,JPN,Japan,Junya Ito,Japan,player,false,Scanini Panini World Cup 2026 checklist,https://scanini.app/stickers/japan-18-junya-ito,
559,JPN 19,JPN,Japan,Koki Ogawa,Japan,player,false,Scanini Panini World Cup 2026 checklist,https://scanini.app/stickers/japan-19-koki-ogawa,
560,JPN 20,JPN,Japan,Ayase Ueda,Japan,player,false,Scanini Panini World Cup 2026 checklist,https://scanini.app/stickers/japan-20-ayase-ueda,
561,KOR 1,KOR,South Korea,Team Logo,South Korea,team_logo,true,Scanini Panini World Cup 2026 checklist,https://scanini.app/stickers/south-korea-1-team-logo,
562,KOR 2,KOR,South Korea,Hyeon-woo Jo,South Korea,player,false,Scanini Panini World Cup 2026 checklist,https://scanini.app/stickers/south-korea-2-hyeon-woo-jo,
563,KOR 3,KOR,South Korea,Seung-Gyu Kim,South Korea,player,false,Scanini Panini World Cup 2026 checklist,https://scanini.app/stickers/south-korea-3-seung-gyu-kim,
564,KOR 4,KOR,South Korea,Min-jae Kim,South Korea,player,false,Scanini Panini World Cup 2026 checklist,https://scanini.app/stickers/south-korea-4-min-jae-kim,
565,KOR 5,KOR,South Korea,Yu-min Cho,South Korea,player,false,Scanini Panini World Cup 2026 checklist,https://scanini.app/stickers/south-korea-5-yu-min-cho,
566,KOR 6,KOR,South Korea,Young-woo Seol,South Korea,player,false,Scanini Panini World Cup 2026 checklist,https://scanini.app/stickers/south-korea-6-young-woo-seol,
567,KOR 7,KOR,South Korea,Han-beom Lee,South Korea,player,false,Scanini Panini World Cup 2026 checklist,https://scanini.app/stickers/south-korea-7-han-beom-lee,
568,KOR 8,KOR,South Korea,Tae-seok Lee,South Korea,player,false,Scanini Panini World Cup 2026 checklist,https://scanini.app/stickers/south-korea-8-tae-seok-lee,
569,KOR 9,KOR,South Korea,Myung-jae Lee,South Korea,player,false,Scanini Panini World Cup 2026 checklist,https://scanini.app/stickers/south-korea-9-myung-jae-lee,
570,KOR 10,KOR,South Korea,Jae-sung Lee,South Korea,player,false,Scanini Panini World Cup 2026 checklist,https://scanini.app/stickers/south-korea-10-jae-sung-lee,
571,KOR 11,KOR,South Korea,In-beom Hwang,South Korea,player,false,Scanini Panini World Cup 2026 checklist,https://scanini.app/stickers/south-korea-11-in-beom-hwang,
572,KOR 12,KOR,South Korea,Kang-in Lee,South Korea,player,false,Scanini Panini World Cup 2026 checklist,https://scanini.app/stickers/south-korea-12-kang-in-lee,
573,KOR 13,KOR,South Korea,Team Photo,South Korea,team_photo,false,Scanini Panini World Cup 2026 checklist,https://scanini.app/stickers/south-korea-13-team-photo,
574,KOR 14,KOR,South Korea,Seung-ho Paik,South Korea,player,false,Scanini Panini World Cup 2026 checklist,https://scanini.app/stickers/south-korea-14-seung-ho-paik,
575,KOR 15,KOR,South Korea,Jens Castrop,South Korea,player,false,Scanini Panini World Cup 2026 checklist,https://scanini.app/stickers/south-korea-15-jens-castrop,
576,KOR 16,KOR,South Korea,Dongg-yeong Lee,South Korea,player,false,Scanini Panini World Cup 2026 checklist,https://scanini.app/stickers/south-korea-16-dongg-yeong-lee,
577,KOR 17,KOR,South Korea,Gue-sung Cho,South Korea,player,false,Scanini Panini World Cup 2026 checklist,https://scanini.app/stickers/south-korea-17-gue-sung-cho,
578,KOR 18,KOR,South Korea,Heung-min Son,South Korea,player,false,Scanini Panini World Cup 2026 checklist,https://scanini.app/stickers/south-korea-18-heung-min-son,
579,KOR 19,KOR,South Korea,Hee-chan Hwang,South Korea,player,false,Scanini Panini World Cup 2026 checklist,https://scanini.app/stickers/south-korea-19-hee-chan-hwang,
580,KOR 20,KOR,South Korea,Hyeon-Gyu Oh,South Korea,player,false,Scanini Panini World Cup 2026 checklist,https://scanini.app/stickers/south-korea-20-hyeon-gyu-oh,
581,KSA 1,KSA,Saudi Arabia,Team Logo,Saudi Arabia,team_logo,true,Scanini Panini World Cup 2026 checklist,https://scanini.app/stickers/saudi-arabia-1-team-logo,
582,KSA 2,KSA,Saudi Arabia,Nawaf Alaqidi,Saudi Arabia,player,false,Scanini Panini World Cup 2026 checklist,https://scanini.app/stickers/saudi-arabia-2-nawaf-alaqidi,
583,KSA 3,KSA,Saudi Arabia,Abdulrahman Al-Sanbi,Saudi Arabia,player,false,Scanini Panini World Cup 2026 checklist,https://scanini.app/stickers/saudi-arabia-3-abdulrahman-al-sanbi,
584,KSA 4,KSA,Saudi Arabia,Saud Abdulhamid,Saudi Arabia,player,false,Scanini Panini World Cup 2026 checklist,https://scanini.app/stickers/saudi-arabia-4-saud-abdulhamid,
585,KSA 5,KSA,Saudi Arabia,Nawaf Bouwashl,Saudi Arabia,player,false,Scanini Panini World Cup 2026 checklist,https://scanini.app/stickers/saudi-arabia-5-nawaf-bouwashl,
586,KSA 6,KSA,Saudi Arabia,Jihad Thakri,Saudi Arabia,player,false,Scanini Panini World Cup 2026 checklist,https://scanini.app/stickers/saudi-arabia-6-jihad-thakri,
587,KSA 7,KSA,Saudi Arabia,Moteb Al-Harbi,Saudi Arabia,player,false,Scanini Panini World Cup 2026 checklist,https://scanini.app/stickers/saudi-arabia-7-moteb-al-harbi,
588,KSA 8,KSA,Saudi Arabia,Hassan Altambakti,Saudi Arabia,player,false,Scanini Panini World Cup 2026 checklist,https://scanini.app/stickers/saudi-arabia-8-hassan-altambakti,
589,KSA 9,KSA,Saudi Arabia,Musab Aljuwayr,Saudi Arabia,player,false,Scanini Panini World Cup 2026 checklist,https://scanini.app/stickers/saudi-arabia-9-musab-aljuwayr,
590,KSA 10,KSA,Saudi Arabia,Ziyad Aljohani,Saudi Arabia,player,false,Scanini Panini World Cup 2026 checklist,https://scanini.app/stickers/saudi-arabia-10-ziyad-aljohani,
591,KSA 11,KSA,Saudi Arabia,Abdullah Alkhaibari,Saudi Arabia,player,false,Scanini Panini World Cup 2026 checklist,https://scanini.app/stickers/saudi-arabia-11-abdullah-alkhaibari,
592,KSA 12,KSA,Saudi Arabia,Nasser Aldawsari,Saudi Arabia,player,false,Scanini Panini World Cup 2026 checklist,https://scanini.app/stickers/saudi-arabia-12-nasser-aldawsari,
593,KSA 13,KSA,Saudi Arabia,Team Photo,Saudi Arabia,team_photo,false,Scanini Panini World Cup 2026 checklist,https://scanini.app/stickers/saudi-arabia-13-team-photo,
594,KSA 14,KSA,Saudi Arabia,Saleh Abu Alshamat,Saudi Arabia,player,false,Scanini Panini World Cup 2026 checklist,https://scanini.app/stickers/saudi-arabia-14-saleh-abu-alshamat,
595,KSA 15,KSA,Saudi Arabia,Marwan Alsahafi,Saudi Arabia,player,false,Scanini Panini World Cup 2026 checklist,https://scanini.app/stickers/saudi-arabia-15-marwan-alsahafi,
596,KSA 16,KSA,Saudi Arabia,Salem Aldawsari,Saudi Arabia,player,false,Scanini Panini World Cup 2026 checklist,https://scanini.app/stickers/saudi-arabia-16-salem-aldawsari,
597,KSA 17,KSA,Saudi Arabia,Abdulrahman Al-Aboud,Saudi Arabia,player,false,Scanini Panini World Cup 2026 checklist,https://scanini.app/stickers/saudi-arabia-17-abdulrahman-al-aboud,
598,KSA 18,KSA,Saudi Arabia,Feras Akbrikan,Saudi Arabia,player,false,Scanini Panini World Cup 2026 checklist,https://scanini.app/stickers/saudi-arabia-18-feras-akbrikan,
599,KSA 19,KSA,Saudi Arabia,Saleh Alshehri,Saudi Arabia,player,false,Scanini Panini World Cup 2026 checklist,https://scanini.app/stickers/saudi-arabia-19-saleh-alshehri,
600,KSA 20,KSA,Saudi Arabia,Abdullah Al-Hamdan,Saudi Arabia,player,false,Scanini Panini World Cup 2026 checklist,https://scanini.app/stickers/saudi-arabia-20-abdullah-al-hamdan,
601,MAR 1,MAR,Morocco,Team Logo,Morocco,team_logo,true,Scanini Panini World Cup 2026 checklist,https://scanini.app/stickers/morocco-1-team-logo,
602,MAR 2,MAR,Morocco,Yassine Bounou,Morocco,player,false,Scanini Panini World Cup 2026 checklist,https://scanini.app/stickers/morocco-2-yassine-bounou,
603,MAR 3,MAR,Morocco,Munir El Kajoui,Morocco,player,false,Scanini Panini World Cup 2026 checklist,https://scanini.app/stickers/morocco-3-munir-el-kajoui,
604,MAR 4,MAR,Morocco,Achraf Hakimi,Morocco,player,false,Scanini Panini World Cup 2026 checklist,https://scanini.app/stickers/morocco-4-achraf-hakimi,
605,MAR 5,MAR,Morocco,Noussair Mazraoui,Morocco,player,false,Scanini Panini World Cup 2026 checklist,https://scanini.app/stickers/morocco-5-noussair-mazraoui,
606,MAR 6,MAR,Morocco,Nayef Aguerd,Morocco,player,false,Scanini Panini World Cup 2026 checklist,https://scanini.app/stickers/morocco-6-nayef-aguerd,
607,MAR 7,MAR,Morocco,Roman Saiss,Morocco,player,false,Scanini Panini World Cup 2026 checklist,https://scanini.app/stickers/morocco-7-roman-saiss,
608,MAR 8,MAR,Morocco,Jawad El Yamio,Morocco,player,false,Scanini Panini World Cup 2026 checklist,https://scanini.app/stickers/morocco-8-jawad-el-yamio,
609,MAR 9,MAR,Morocco,Adam Masina,Morocco,player,false,Scanini Panini World Cup 2026 checklist,https://scanini.app/stickers/morocco-9-adam-masina,
610,MAR 10,MAR,Morocco,Sofyan Amrabat,Morocco,player,false,Scanini Panini World Cup 2026 checklist,https://scanini.app/stickers/morocco-10-sofyan-amrabat,
611,MAR 11,MAR,Morocco,Azzedine Ounahi,Morocco,player,false,Scanini Panini World Cup 2026 checklist,https://scanini.app/stickers/morocco-11-azzedine-ounahi,
612,MAR 12,MAR,Morocco,Eliesse Ben Seghir,Morocco,player,false,Scanini Panini World Cup 2026 checklist,https://scanini.app/stickers/morocco-12-eliesse-ben-seghir,
613,MAR 13,MAR,Morocco,Team Photo,Morocco,team_photo,false,Scanini Panini World Cup 2026 checklist,https://scanini.app/stickers/morocco-13-team-photo,
614,MAR 14,MAR,Morocco,Bilal El Khannouss,Morocco,player,false,Scanini Panini World Cup 2026 checklist,https://scanini.app/stickers/morocco-14-bilal-el-khannouss,
615,MAR 15,MAR,Morocco,Ismael Saibari,Morocco,player,false,Scanini Panini World Cup 2026 checklist,https://scanini.app/stickers/morocco-15-ismael-saibari,
616,MAR 16,MAR,Morocco,Youssef En-Nesyri,Morocco,player,false,Scanini Panini World Cup 2026 checklist,https://scanini.app/stickers/morocco-16-youssef-en-nesyri,
617,MAR 17,MAR,Morocco,Abde Ezzalzouli,Morocco,player,false,Scanini Panini World Cup 2026 checklist,https://scanini.app/stickers/morocco-17-abde-ezzalzouli,
618,MAR 18,MAR,Morocco,Soufiane Rahimi,Morocco,player,false,Scanini Panini World Cup 2026 checklist,https://scanini.app/stickers/morocco-18-soufiane-rahimi,
619,MAR 19,MAR,Morocco,Brahim Diaz,Morocco,player,false,Scanini Panini World Cup 2026 checklist,https://scanini.app/stickers/morocco-19-brahim-diaz,
620,MAR 20,MAR,Morocco,Ayoub El Kaabi,Morocco,player,false,Scanini Panini World Cup 2026 checklist,https://scanini.app/stickers/morocco-20-ayoub-el-kaabi,
621,MEX 1,MEX,Mexico,Team Logo,Mexico,team_logo,true,Scanini Panini World Cup 2026 checklist,https://scanini.app/stickers/mexico-1-team-logo,
622,MEX 2,MEX,Mexico,Luis Malagón,Mexico,player,false,Scanini Panini World Cup 2026 checklist,https://scanini.app/stickers/mexico-2-luis-malagon,
623,MEX 3,MEX,Mexico,Johan Vasquez,Mexico,player,false,Scanini Panini World Cup 2026 checklist,https://scanini.app/stickers/mexico-3-johan-vasquez,
624,MEX 4,MEX,Mexico,Jorge Sánchez,Mexico,player,false,Scanini Panini World Cup 2026 checklist,https://scanini.app/stickers/mexico-4-jorge-sanchez,
625,MEX 5,MEX,Mexico,Cesar Montes,Mexico,player,false,Scanini Panini World Cup 2026 checklist,https://scanini.app/stickers/mexico-5-cesar-montes,
626,MEX 6,MEX,Mexico,Jesus Gallardo,Mexico,player,false,Scanini Panini World Cup 2026 checklist,https://scanini.app/stickers/mexico-6-jesus-gallardo,
627,MEX 7,MEX,Mexico,Israel Reyes,Mexico,player,false,Scanini Panini World Cup 2026 checklist,https://scanini.app/stickers/mexico-7-israel-reyes,
628,MEX 8,MEX,Mexico,Diego Lainez,Mexico,player,false,Scanini Panini World Cup 2026 checklist,https://scanini.app/stickers/mexico-8-diego-lainez,
629,MEX 9,MEX,Mexico,Carlos Rodriguez,Mexico,player,false,Scanini Panini World Cup 2026 checklist,https://scanini.app/stickers/mexico-9-carlos-rodriguez,
630,MEX 10,MEX,Mexico,Edson Alvarez,Mexico,player,false,Scanini Panini World Cup 2026 checklist,https://scanini.app/stickers/mexico-10-edson-alvarez,
631,MEX 11,MEX,Mexico,Orbelin Pineda,Mexico,player,false,Scanini Panini World Cup 2026 checklist,https://scanini.app/stickers/mexico-11-orbelin-pineda,
632,MEX 12,MEX,Mexico,Marcel Ruiz,Mexico,player,false,Scanini Panini World Cup 2026 checklist,https://scanini.app/stickers/mexico-12-marcel-ruiz,
633,MEX 13,MEX,Mexico,Team Photo,Mexico,team_photo,false,Scanini Panini World Cup 2026 checklist,https://scanini.app/stickers/mexico-13-team-photo,
634,MEX 14,MEX,Mexico,Érick Sánchez,Mexico,player,false,Scanini Panini World Cup 2026 checklist,https://scanini.app/stickers/mexico-14-erick-sanchez,
635,MEX 15,MEX,Mexico,Hirving Lozano,Mexico,player,false,Scanini Panini World Cup 2026 checklist,https://scanini.app/stickers/mexico-15-hirving-lozano,
636,MEX 16,MEX,Mexico,Santiago Giménez,Mexico,player,false,Scanini Panini World Cup 2026 checklist,https://scanini.app/stickers/mexico-16-santiago-gimenez,
637,MEX 17,MEX,Mexico,Raúl Jiménez,Mexico,player,false,Scanini Panini World Cup 2026 checklist,https://scanini.app/stickers/mexico-17-raul-jimenez,
638,MEX 18,MEX,Mexico,Alexis Vega,Mexico,player,false,Scanini Panini World Cup 2026 checklist,https://scanini.app/stickers/mexico-18-alexis-vega,
639,MEX 19,MEX,Mexico,Roberto Alvarado,Mexico,player,false,Scanini Panini World Cup 2026 checklist,https://scanini.app/stickers/mexico-19-roberto-alvarado,
640,MEX 20,MEX,Mexico,Cesar Huerta,Mexico,player,false,Scanini Panini World Cup 2026 checklist,https://scanini.app/stickers/mexico-20-cesar-huerta,
641,NED 1,NED,Netherlands,Team Logo,Netherlands,team_logo,true,Scanini Panini World Cup 2026 checklist,https://scanini.app/stickers/netherlands-1-team-logo,
642,NED 2,NED,Netherlands,Bart Verbruggen,Netherlands,player,false,Scanini Panini World Cup 2026 checklist,https://scanini.app/stickers/netherlands-2-bart-verbruggen,
643,NED 3,NED,Netherlands,Virgil van Dijk,Netherlands,player,false,Scanini Panini World Cup 2026 checklist,https://scanini.app/stickers/netherlands-3-virgil-van-dijk,
644,NED 4,NED,Netherlands,Micky van de Ven,Netherlands,player,false,Scanini Panini World Cup 2026 checklist,https://scanini.app/stickers/netherlands-4-micky-van-de-ven,
645,NED 5,NED,Netherlands,Jurrien Timber,Netherlands,player,false,Scanini Panini World Cup 2026 checklist,https://scanini.app/stickers/netherlands-5-jurrien-timber,
646,NED 6,NED,Netherlands,Denzel Dumfries,Netherlands,player,false,Scanini Panini World Cup 2026 checklist,https://scanini.app/stickers/netherlands-6-denzel-dumfries,
647,NED 7,NED,Netherlands,Nathan Aké,Netherlands,player,false,Scanini Panini World Cup 2026 checklist,https://scanini.app/stickers/netherlands-7-nathan-ake,
648,NED 8,NED,Netherlands,Jeremie Frimpong,Netherlands,player,false,Scanini Panini World Cup 2026 checklist,https://scanini.app/stickers/netherlands-8-jeremie-frimpong,
649,NED 9,NED,Netherlands,Jan Paul van Hecke,Netherlands,player,false,Scanini Panini World Cup 2026 checklist,https://scanini.app/stickers/netherlands-9-jan-paul-van-hecke,
650,NED 10,NED,Netherlands,Tijjani Reijnders,Netherlands,player,false,Scanini Panini World Cup 2026 checklist,https://scanini.app/stickers/netherlands-10-tijjani-reijnders,
651,NED 11,NED,Netherlands,Ryan Gravenberch,Netherlands,player,false,Scanini Panini World Cup 2026 checklist,https://scanini.app/stickers/netherlands-11-ryan-gravenberch,
652,NED 12,NED,Netherlands,Teun Koopmeiners,Netherlands,player,false,Scanini Panini World Cup 2026 checklist,https://scanini.app/stickers/netherlands-12-teun-koopmeiners,
653,NED 13,NED,Netherlands,Team Photo,Netherlands,team_photo,false,Scanini Panini World Cup 2026 checklist,https://scanini.app/stickers/netherlands-13-team-photo,
654,NED 14,NED,Netherlands,Frenkie de Jong,Netherlands,player,false,Scanini Panini World Cup 2026 checklist,https://scanini.app/stickers/netherlands-14-frenkie-de-jong,
655,NED 15,NED,Netherlands,Xavi Simons,Netherlands,player,false,Scanini Panini World Cup 2026 checklist,https://scanini.app/stickers/netherlands-15-xavi-simons,
656,NED 16,NED,Netherlands,Justin Kluivert,Netherlands,player,false,Scanini Panini World Cup 2026 checklist,https://scanini.app/stickers/netherlands-16-justin-kluivert,
657,NED 17,NED,Netherlands,Memphis Depay,Netherlands,player,false,Scanini Panini World Cup 2026 checklist,https://scanini.app/stickers/netherlands-17-memphis-depay,
658,NED 18,NED,Netherlands,Donyell Malen,Netherlands,player,false,Scanini Panini World Cup 2026 checklist,https://scanini.app/stickers/netherlands-18-donyell-malen,
659,NED 19,NED,Netherlands,Wout Weghorst,Netherlands,player,false,Scanini Panini World Cup 2026 checklist,https://scanini.app/stickers/netherlands-19-wout-weghorst,
660,NED 20,NED,Netherlands,Cody Gakpo,Netherlands,player,false,Scanini Panini World Cup 2026 checklist,https://scanini.app/stickers/netherlands-20-cody-gakpo,
661,NOR 1,NOR,Norway,Team Logo,Norway,team_logo,true,Scanini Panini World Cup 2026 checklist,https://scanini.app/stickers/norway-1-team-logo,
662,NOR 2,NOR,Norway,Orjan Nyland,Norway,player,false,Scanini Panini World Cup 2026 checklist,https://scanini.app/stickers/norway-2-orjan-nyland,
663,NOR 3,NOR,Norway,Julian Ryerson,Norway,player,false,Scanini Panini World Cup 2026 checklist,https://scanini.app/stickers/norway-3-julian-ryerson,
664,NOR 4,NOR,Norway,Leo Ostigård,Norway,player,false,Scanini Panini World Cup 2026 checklist,https://scanini.app/stickers/norway-4-leo-ostigard,
665,NOR 5,NOR,Norway,Kristoffer Vassbakk Ajer,Norway,player,false,Scanini Panini World Cup 2026 checklist,https://scanini.app/stickers/norway-5-kristoffer-vassbakk-ajer,
666,NOR 6,NOR,Norway,Marcus Holmgren Pedersen,Norway,player,false,Scanini Panini World Cup 2026 checklist,https://scanini.app/stickers/norway-6-marcus-holmgren-pedersen,
667,NOR 7,NOR,Norway,David Møller Wolfe,Norway,player,false,Scanini Panini World Cup 2026 checklist,https://scanini.app/stickers/norway-7-david-moller-wolfe,
668,NOR 8,NOR,Norway,Torbjørn Heggem,Norway,player,false,Scanini Panini World Cup 2026 checklist,https://scanini.app/stickers/norway-8-torbjorn-heggem,
669,NOR 9,NOR,Norway,Morten Thorsby,Norway,player,false,Scanini Panini World Cup 2026 checklist,https://scanini.app/stickers/norway-9-morten-thorsby,
670,NOR 10,NOR,Norway,Martin Ødegaard,Norway,player,false,Scanini Panini World Cup 2026 checklist,https://scanini.app/stickers/norway-10-martin-odegaard,
671,NOR 11,NOR,Norway,Sander Berge,Norway,player,false,Scanini Panini World Cup 2026 checklist,https://scanini.app/stickers/norway-11-sander-berge,
672,NOR 12,NOR,Norway,Andreas Schjelderup,Norway,player,false,Scanini Panini World Cup 2026 checklist,https://scanini.app/stickers/norway-12-andreas-schjelderup,
673,NOR 13,NOR,Norway,Team Photo,Norway,team_photo,false,Scanini Panini World Cup 2026 checklist,https://scanini.app/stickers/norway-13-team-photo,
674,NOR 14,NOR,Norway,Patrick Berg,Norway,player,false,Scanini Panini World Cup 2026 checklist,https://scanini.app/stickers/norway-14-patrick-berg,
675,NOR 15,NOR,Norway,Erling Haaland,Norway,player,false,Scanini Panini World Cup 2026 checklist,https://scanini.app/stickers/norway-15-erling-haaland,
676,NOR 16,NOR,Norway,Alexander Sørloth,Norway,player,false,Scanini Panini World Cup 2026 checklist,https://scanini.app/stickers/norway-16-alexander-sorloth,
677,NOR 17,NOR,Norway,Aron Dønnum,Norway,player,false,Scanini Panini World Cup 2026 checklist,https://scanini.app/stickers/norway-17-aron-donnum,
678,NOR 18,NOR,Norway,Jorgen Strand Larsen,Norway,player,false,Scanini Panini World Cup 2026 checklist,https://scanini.app/stickers/norway-18-jorgen-strand-larsen,
679,NOR 19,NOR,Norway,Antonio Nusa,Norway,player,false,Scanini Panini World Cup 2026 checklist,https://scanini.app/stickers/norway-19-antonio-nusa,
680,NOR 20,NOR,Norway,Oscar Bobb,Norway,player,false,Scanini Panini World Cup 2026 checklist,https://scanini.app/stickers/norway-20-oscar-bobb,
681,NZL 1,NZL,New Zealand,Team Logo,New Zealand,team_logo,true,Scanini Panini World Cup 2026 checklist,https://scanini.app/stickers/new-zealand-1-team-logo,
682,NZL 2,NZL,New Zealand,Max Crocombe Payne,New Zealand,player,false,Scanini Panini World Cup 2026 checklist,https://scanini.app/stickers/new-zealand-2-max-crocombe-payne,
683,NZL 3,NZL,New Zealand,Alex Paulsen,New Zealand,player,false,Scanini Panini World Cup 2026 checklist,https://scanini.app/stickers/new-zealand-3-alex-paulsen,
684,NZL 4,NZL,New Zealand,Michael Boxall,New Zealand,player,false,Scanini Panini World Cup 2026 checklist,https://scanini.app/stickers/new-zealand-4-michael-boxall,
685,NZL 5,NZL,New Zealand,Liberato Cacace,New Zealand,player,false,Scanini Panini World Cup 2026 checklist,https://scanini.app/stickers/new-zealand-5-liberato-cacace,
686,NZL 6,NZL,New Zealand,Tim Payne,New Zealand,player,false,Scanini Panini World Cup 2026 checklist,https://scanini.app/stickers/new-zealand-6-tim-payne,
687,NZL 7,NZL,New Zealand,Tyler Bindon,New Zealand,player,false,Scanini Panini World Cup 2026 checklist,https://scanini.app/stickers/new-zealand-7-tyler-bindon,
688,NZL 8,NZL,New Zealand,Francis de Vries,New Zealand,player,false,Scanini Panini World Cup 2026 checklist,https://scanini.app/stickers/new-zealand-8-francis-de-vries,
689,NZL 9,NZL,New Zealand,Finn Surman,New Zealand,player,false,Scanini Panini World Cup 2026 checklist,https://scanini.app/stickers/new-zealand-9-finn-surman,
690,NZL 10,NZL,New Zealand,Joe Bell,New Zealand,player,false,Scanini Panini World Cup 2026 checklist,https://scanini.app/stickers/new-zealand-10-joe-bell,
691,NZL 11,NZL,New Zealand,Sarpreet Singh,New Zealand,player,false,Scanini Panini World Cup 2026 checklist,https://scanini.app/stickers/new-zealand-11-sarpreet-singh,
692,NZL 12,NZL,New Zealand,Ryan Thomas,New Zealand,player,false,Scanini Panini World Cup 2026 checklist,https://scanini.app/stickers/new-zealand-12-ryan-thomas,
693,NZL 13,NZL,New Zealand,Team Photo,New Zealand,team_photo,false,Scanini Panini World Cup 2026 checklist,https://scanini.app/stickers/new-zealand-13-team-photo,
694,NZL 14,NZL,New Zealand,Matthew Garbett,New Zealand,player,false,Scanini Panini World Cup 2026 checklist,https://scanini.app/stickers/new-zealand-14-matthew-garbett,
695,NZL 15,NZL,New Zealand,Marko Stamenić,New Zealand,player,false,Scanini Panini World Cup 2026 checklist,https://scanini.app/stickers/new-zealand-15-marko-stamenic,
696,NZL 16,NZL,New Zealand,Ben Old,New Zealand,player,false,Scanini Panini World Cup 2026 checklist,https://scanini.app/stickers/new-zealand-16-ben-old,
697,NZL 17,NZL,New Zealand,Chris Wood,New Zealand,player,false,Scanini Panini World Cup 2026 checklist,https://scanini.app/stickers/new-zealand-17-chris-wood,
698,NZL 18,NZL,New Zealand,Elijah Just,New Zealand,player,false,Scanini Panini World Cup 2026 checklist,https://scanini.app/stickers/new-zealand-18-elijah-just,
699,NZL 19,NZL,New Zealand,Callum McCowatt,New Zealand,player,false,Scanini Panini World Cup 2026 checklist,https://scanini.app/stickers/new-zealand-19-callum-mccowatt,
700,NZL 20,NZL,New Zealand,Kosta Barbarouses,New Zealand,player,false,Scanini Panini World Cup 2026 checklist,https://scanini.app/stickers/new-zealand-20-kosta-barbarouses,
701,PAN 1,PAN,Panama,Team Logo,Panama,team_logo,true,Scanini Panini World Cup 2026 checklist,https://scanini.app/stickers/panama-1-team-logo,
702,PAN 2,PAN,Panama,Orlando Mosquera,Panama,player,false,Scanini Panini World Cup 2026 checklist,https://scanini.app/stickers/panama-2-orlando-mosquera,
703,PAN 3,PAN,Panama,Luis Mejia,Panama,player,false,Scanini Panini World Cup 2026 checklist,https://scanini.app/stickers/panama-3-luis-mejia,
704,PAN 4,PAN,Panama,Fidel Escobar,Panama,player,false,Scanini Panini World Cup 2026 checklist,https://scanini.app/stickers/panama-4-fidel-escobar,
705,PAN 5,PAN,Panama,Andres Andrade,Panama,player,false,Scanini Panini World Cup 2026 checklist,https://scanini.app/stickers/panama-5-andres-andrade,
706,PAN 6,PAN,Panama,Michael Amir Murillo,Panama,player,false,Scanini Panini World Cup 2026 checklist,https://scanini.app/stickers/panama-6-michael-amir-murillo,
707,PAN 7,PAN,Panama,Eric Davis,Panama,player,false,Scanini Panini World Cup 2026 checklist,https://scanini.app/stickers/panama-7-eric-davis,
708,PAN 8,PAN,Panama,Jose Cordoba,Panama,player,false,Scanini Panini World Cup 2026 checklist,https://scanini.app/stickers/panama-8-jose-cordoba,
709,PAN 9,PAN,Panama,Cesar Blackman,Panama,player,false,Scanini Panini World Cup 2026 checklist,https://scanini.app/stickers/panama-9-cesar-blackman,
710,PAN 10,PAN,Panama,Cristian Martinez,Panama,player,false,Scanini Panini World Cup 2026 checklist,https://scanini.app/stickers/panama-10-cristian-martinez,
711,PAN 11,PAN,Panama,Aníbal Godoy,Panama,player,false,Scanini Panini World Cup 2026 checklist,https://scanini.app/stickers/panama-11-anibal-godoy,
712,PAN 12,PAN,Panama,Adalberto Carrasquilla,Panama,player,false,Scanini Panini World Cup 2026 checklist,https://scanini.app/stickers/panama-12-adalberto-carrasquilla,
713,PAN 13,PAN,Panama,Team Photo,Panama,team_photo,false,Scanini Panini World Cup 2026 checklist,https://scanini.app/stickers/panama-13-team-photo,
714,PAN 14,PAN,Panama,Édgar Bárcenas,Panama,player,false,Scanini Panini World Cup 2026 checklist,https://scanini.app/stickers/panama-14-edgar-barcenas,
715,PAN 15,PAN,Panama,Carlos Harvey,Panama,player,false,Scanini Panini World Cup 2026 checklist,https://scanini.app/stickers/panama-15-carlos-harvey,
716,PAN 16,PAN,Panama,Ismael Díaz,Panama,player,false,Scanini Panini World Cup 2026 checklist,https://scanini.app/stickers/panama-16-ismael-diaz,
717,PAN 17,PAN,Panama,Jose Fajardo,Panama,player,false,Scanini Panini World Cup 2026 checklist,https://scanini.app/stickers/panama-17-jose-fajardo,
718,PAN 18,PAN,Panama,Cecilio Waterman,Panama,player,false,Scanini Panini World Cup 2026 checklist,https://scanini.app/stickers/panama-18-cecilio-waterman,
719,PAN 19,PAN,Panama,Jose Luiz Rodriguez,Panama,player,false,Scanini Panini World Cup 2026 checklist,https://scanini.app/stickers/panama-19-jose-luiz-rodriguez,
720,PAN 20,PAN,Panama,Alberto Quintero,Panama,player,false,Scanini Panini World Cup 2026 checklist,https://scanini.app/stickers/panama-20-alberto-quintero,
721,PAR 1,PAR,Paraguay,Team Logo,Paraguay,team_logo,true,Scanini Panini World Cup 2026 checklist,https://scanini.app/stickers/paraguay-1-team-logo,
722,PAR 2,PAR,Paraguay,Roberto Fernandez,Paraguay,player,false,Scanini Panini World Cup 2026 checklist,https://scanini.app/stickers/paraguay-2-roberto-fernandez,
723,PAR 3,PAR,Paraguay,Orlando Gill,Paraguay,player,false,Scanini Panini World Cup 2026 checklist,https://scanini.app/stickers/paraguay-3-orlando-gill,
724,PAR 4,PAR,Paraguay,Gustavo Gomez,Paraguay,player,false,Scanini Panini World Cup 2026 checklist,https://scanini.app/stickers/paraguay-4-gustavo-gomez,
725,PAR 5,PAR,Paraguay,Fabián Balbuena,Paraguay,player,false,Scanini Panini World Cup 2026 checklist,https://scanini.app/stickers/paraguay-5-fabian-balbuena,
726,PAR 6,PAR,Paraguay,Juan José Cáceres,Paraguay,player,false,Scanini Panini World Cup 2026 checklist,https://scanini.app/stickers/paraguay-6-juan-jose-caceres,
727,PAR 7,PAR,Paraguay,Omar Alderete,Paraguay,player,false,Scanini Panini World Cup 2026 checklist,https://scanini.app/stickers/paraguay-7-omar-alderete,
728,PAR 8,PAR,Paraguay,Junior Alonso,Paraguay,player,false,Scanini Panini World Cup 2026 checklist,https://scanini.app/stickers/paraguay-8-junior-alonso,
729,PAR 9,PAR,Paraguay,Mathías Villasanti,Paraguay,player,false,Scanini Panini World Cup 2026 checklist,https://scanini.app/stickers/paraguay-9-mathias-villasanti,
730,PAR 10,PAR,Paraguay,Diego Gomez,Paraguay,player,false,Scanini Panini World Cup 2026 checklist,https://scanini.app/stickers/paraguay-10-diego-gomez,
731,PAR 11,PAR,Paraguay,Damián Bobadilla,Paraguay,player,false,Scanini Panini World Cup 2026 checklist,https://scanini.app/stickers/paraguay-11-damian-bobadilla,
732,PAR 12,PAR,Paraguay,Andres Cubas,Paraguay,player,false,Scanini Panini World Cup 2026 checklist,https://scanini.app/stickers/paraguay-12-andres-cubas,
733,PAR 13,PAR,Paraguay,Team Photo,Paraguay,team_photo,false,Scanini Panini World Cup 2026 checklist,https://scanini.app/stickers/paraguay-13-team-photo,
734,PAR 14,PAR,Paraguay,Matias Galarza Fonda,Paraguay,player,false,Scanini Panini World Cup 2026 checklist,https://scanini.app/stickers/paraguay-14-matias-galarza-fonda,
735,PAR 15,PAR,Paraguay,Julio Enciso,Paraguay,player,false,Scanini Panini World Cup 2026 checklist,https://scanini.app/stickers/paraguay-15-julio-enciso,
736,PAR 16,PAR,Paraguay,Alejandro Romero Gamarra,Paraguay,player,false,Scanini Panini World Cup 2026 checklist,https://scanini.app/stickers/paraguay-16-alejandro-romero-gamarra,
737,PAR 17,PAR,Paraguay,Miguel Almirón,Paraguay,player,false,Scanini Panini World Cup 2026 checklist,https://scanini.app/stickers/paraguay-17-miguel-almiron,
738,PAR 18,PAR,Paraguay,Ramon Sosa,Paraguay,player,false,Scanini Panini World Cup 2026 checklist,https://scanini.app/stickers/paraguay-18-ramon-sosa,
739,PAR 19,PAR,Paraguay,Angel Romero,Paraguay,player,false,Scanini Panini World Cup 2026 checklist,https://scanini.app/stickers/paraguay-19-angel-romero,
740,PAR 20,PAR,Paraguay,Antonio Sanabria,Paraguay,player,false,Scanini Panini World Cup 2026 checklist,https://scanini.app/stickers/paraguay-20-antonio-sanabria,
741,POR 1,POR,Portugal,Team Logo,Portugal,team_logo,true,Scanini Panini World Cup 2026 checklist,https://scanini.app/stickers/portugal-1-team-logo,
742,POR 2,POR,Portugal,Diogo Costa,Portugal,player,false,Scanini Panini World Cup 2026 checklist,https://scanini.app/stickers/portugal-2-diogo-costa,
743,POR 3,POR,Portugal,Jose Sa,Portugal,player,false,Scanini Panini World Cup 2026 checklist,https://scanini.app/stickers/portugal-3-jose-sa,
744,POR 4,POR,Portugal,Ruben Dias,Portugal,player,false,Scanini Panini World Cup 2026 checklist,https://scanini.app/stickers/portugal-4-ruben-dias,
745,POR 5,POR,Portugal,João Cancelo,Portugal,player,false,Scanini Panini World Cup 2026 checklist,https://scanini.app/stickers/portugal-5-joao-cancelo,
746,POR 6,POR,Portugal,Diogo Dalot,Portugal,player,false,Scanini Panini World Cup 2026 checklist,https://scanini.app/stickers/portugal-6-diogo-dalot,
747,POR 7,POR,Portugal,Nuno Mendes,Portugal,player,false,Scanini Panini World Cup 2026 checklist,https://scanini.app/stickers/portugal-7-nuno-mendes,
748,POR 8,POR,Portugal,Gonçalo Inácio,Portugal,player,false,Scanini Panini World Cup 2026 checklist,https://scanini.app/stickers/portugal-8-goncalo-inacio,
749,POR 9,POR,Portugal,Bernardo Silva,Portugal,player,false,Scanini Panini World Cup 2026 checklist,https://scanini.app/stickers/portugal-9-bernardo-silva,
750,POR 10,POR,Portugal,Bruno Fernandes,Portugal,player,false,Scanini Panini World Cup 2026 checklist,https://scanini.app/stickers/portugal-10-bruno-fernandes,
751,POR 11,POR,Portugal,Ruben Neves,Portugal,player,false,Scanini Panini World Cup 2026 checklist,https://scanini.app/stickers/portugal-11-ruben-neves,
752,POR 12,POR,Portugal,Vitinha,Portugal,player,false,Scanini Panini World Cup 2026 checklist,https://scanini.app/stickers/portugal-12-vitinha,
753,POR 13,POR,Portugal,Team Photo,Portugal,team_photo,false,Scanini Panini World Cup 2026 checklist,https://scanini.app/stickers/portugal-13-team-photo,
754,POR 14,POR,Portugal,João Neves,Portugal,player,false,Scanini Panini World Cup 2026 checklist,https://scanini.app/stickers/portugal-14-joao-neves,
755,POR 15,POR,Portugal,Cristiano Ronaldo,Portugal,player,false,Scanini Panini World Cup 2026 checklist,https://scanini.app/stickers/portugal-15-cristiano-ronaldo,
756,POR 16,POR,Portugal,Francisco Trincao,Portugal,player,false,Scanini Panini World Cup 2026 checklist,https://scanini.app/stickers/portugal-16-francisco-trincao,
757,POR 17,POR,Portugal,João Felix,Portugal,player,false,Scanini Panini World Cup 2026 checklist,https://scanini.app/stickers/portugal-17-joao-felix,
758,POR 18,POR,Portugal,Gonçalo Ramos,Portugal,player,false,Scanini Panini World Cup 2026 checklist,https://scanini.app/stickers/portugal-18-goncalo-ramos,
759,POR 19,POR,Portugal,Pedro Neto,Portugal,player,false,Scanini Panini World Cup 2026 checklist,https://scanini.app/stickers/portugal-19-pedro-neto,
760,POR 20,POR,Portugal,Rafael Leão,Portugal,player,false,Scanini Panini World Cup 2026 checklist,https://scanini.app/stickers/portugal-20-rafael-leao,
761,QAT 1,QAT,Qatar,Team Logo,Qatar,team_logo,true,Scanini Panini World Cup 2026 checklist,https://scanini.app/stickers/qatar-1-team-logo,
762,QAT 2,QAT,Qatar,Meshaal Barsham,Qatar,player,false,Scanini Panini World Cup 2026 checklist,https://scanini.app/stickers/qatar-2-meshaal-barsham,
763,QAT 3,QAT,Qatar,Sultan Albrake,Qatar,player,false,Scanini Panini World Cup 2026 checklist,https://scanini.app/stickers/qatar-3-sultan-albrake,
764,QAT 4,QAT,Qatar,Lucas Mendes,Qatar,player,false,Scanini Panini World Cup 2026 checklist,https://scanini.app/stickers/qatar-4-lucas-mendes,
765,QAT 5,QAT,Qatar,Homam Ahmed,Qatar,player,false,Scanini Panini World Cup 2026 checklist,https://scanini.app/stickers/qatar-5-homam-ahmed,
766,QAT 6,QAT,Qatar,Boualem Khoukhi,Qatar,player,false,Scanini Panini World Cup 2026 checklist,https://scanini.app/stickers/qatar-6-boualem-khoukhi,
767,QAT 7,QAT,Qatar,Pedro Miguel,Qatar,player,false,Scanini Panini World Cup 2026 checklist,https://scanini.app/stickers/qatar-7-pedro-miguel,
768,QAT 8,QAT,Qatar,Tarek Salman,Qatar,player,false,Scanini Panini World Cup 2026 checklist,https://scanini.app/stickers/qatar-8-tarek-salman,
769,QAT 9,QAT,Qatar,Mohamed Al-Mannai,Qatar,player,false,Scanini Panini World Cup 2026 checklist,https://scanini.app/stickers/qatar-9-mohamed-al-mannai,
770,QAT 10,QAT,Qatar,Karim Boudiaf,Qatar,player,false,Scanini Panini World Cup 2026 checklist,https://scanini.app/stickers/qatar-10-karim-boudiaf,
771,QAT 11,QAT,Qatar,Assim Madibo,Qatar,player,false,Scanini Panini World Cup 2026 checklist,https://scanini.app/stickers/qatar-11-assim-madibo,
772,QAT 12,QAT,Qatar,Ahmed Fatehi,Qatar,player,false,Scanini Panini World Cup 2026 checklist,https://scanini.app/stickers/qatar-12-ahmed-fatehi,
773,QAT 13,QAT,Qatar,Team Photo,Qatar,team_photo,false,Scanini Panini World Cup 2026 checklist,https://scanini.app/stickers/qatar-13-team-photo,
774,QAT 14,QAT,Qatar,Mohammed Waad,Qatar,player,false,Scanini Panini World Cup 2026 checklist,https://scanini.app/stickers/qatar-14-mohammed-waad,
775,QAT 15,QAT,Qatar,Abdulaziz Hatem,Qatar,player,false,Scanini Panini World Cup 2026 checklist,https://scanini.app/stickers/qatar-15-abdulaziz-hatem,
776,QAT 16,QAT,Qatar,Hassan Al-Haydos,Qatar,player,false,Scanini Panini World Cup 2026 checklist,https://scanini.app/stickers/qatar-16-hassan-al-haydos,
777,QAT 17,QAT,Qatar,Edmilson Junior,Qatar,player,false,Scanini Panini World Cup 2026 checklist,https://scanini.app/stickers/qatar-17-edmilson-junior,
778,QAT 18,QAT,Qatar,Akram Hassan Afif,Qatar,player,false,Scanini Panini World Cup 2026 checklist,https://scanini.app/stickers/qatar-18-akram-hassan-afif,
779,QAT 19,QAT,Qatar,Ahmed Al Ganehi,Qatar,player,false,Scanini Panini World Cup 2026 checklist,https://scanini.app/stickers/qatar-19-ahmed-al-ganehi,
780,QAT 20,QAT,Qatar,Almoez Ali,Qatar,player,false,Scanini Panini World Cup 2026 checklist,https://scanini.app/stickers/qatar-20-almoez-ali,
781,RSA 1,RSA,South Africa,Team Logo,South Africa,team_logo,true,Scanini Panini World Cup 2026 checklist,https://scanini.app/stickers/south-africa-1-team-logo,
782,RSA 2,RSA,South Africa,Ronwen Williams,South Africa,player,false,Scanini Panini World Cup 2026 checklist,https://scanini.app/stickers/south-africa-2-ronwen-williams,
783,RSA 3,RSA,South Africa,Sipho Chaine,South Africa,player,false,Scanini Panini World Cup 2026 checklist,https://scanini.app/stickers/south-africa-3-sipho-chaine,
784,RSA 4,RSA,South Africa,Aubrey Modiba,South Africa,player,false,Scanini Panini World Cup 2026 checklist,https://scanini.app/stickers/south-africa-4-aubrey-modiba,
785,RSA 5,RSA,South Africa,Samukele Kabini,South Africa,player,false,Scanini Panini World Cup 2026 checklist,https://scanini.app/stickers/south-africa-5-samukele-kabini,
786,RSA 6,RSA,South Africa,Mbekezeli Mbokazi,South Africa,player,false,Scanini Panini World Cup 2026 checklist,https://scanini.app/stickers/south-africa-6-mbekezeli-mbokazi,
787,RSA 7,RSA,South Africa,Khulumani Ndamane,South Africa,player,false,Scanini Panini World Cup 2026 checklist,https://scanini.app/stickers/south-africa-7-khulumani-ndamane,
788,RSA 8,RSA,South Africa,Siyabonga Ngezana,South Africa,player,false,Scanini Panini World Cup 2026 checklist,https://scanini.app/stickers/south-africa-8-siyabonga-ngezana,
789,RSA 9,RSA,South Africa,Khuliso Mudau,South Africa,player,false,Scanini Panini World Cup 2026 checklist,https://scanini.app/stickers/south-africa-9-khuliso-mudau,
790,RSA 10,RSA,South Africa,Nkosinathi Sibisi,South Africa,player,false,Scanini Panini World Cup 2026 checklist,https://scanini.app/stickers/south-africa-10-nkosinathi-sibisi,
791,RSA 11,RSA,South Africa,Teboho Mokoena,South Africa,player,false,Scanini Panini World Cup 2026 checklist,https://scanini.app/stickers/south-africa-11-teboho-mokoena,
792,RSA 12,RSA,South Africa,Thalente Mbatha,South Africa,player,false,Scanini Panini World Cup 2026 checklist,https://scanini.app/stickers/south-africa-12-thalente-mbatha,
793,RSA 13,RSA,South Africa,Team Photo,South Africa,team_photo,false,Scanini Panini World Cup 2026 checklist,https://scanini.app/stickers/south-africa-13-team-photo,
794,RSA 14,RSA,South Africa,Bathasi Aubaas,South Africa,player,false,Scanini Panini World Cup 2026 checklist,https://scanini.app/stickers/south-africa-14-bathasi-aubaas,
795,RSA 15,RSA,South Africa,Yaya Sithole,South Africa,player,false,Scanini Panini World Cup 2026 checklist,https://scanini.app/stickers/south-africa-15-yaya-sithole,
796,RSA 16,RSA,South Africa,Sipho Mbule,South Africa,player,false,Scanini Panini World Cup 2026 checklist,https://scanini.app/stickers/south-africa-16-sipho-mbule,
797,RSA 17,RSA,South Africa,Lyle Foster,South Africa,player,false,Scanini Panini World Cup 2026 checklist,https://scanini.app/stickers/south-africa-17-lyle-foster,
798,RSA 18,RSA,South Africa,Iqraam Rayners,South Africa,player,false,Scanini Panini World Cup 2026 checklist,https://scanini.app/stickers/south-africa-18-iqraam-rayners,
799,RSA 19,RSA,South Africa,Mohau Nkota,South Africa,player,false,Scanini Panini World Cup 2026 checklist,https://scanini.app/stickers/south-africa-19-mohau-nkota,
800,RSA 20,RSA,South Africa,Oswin Appollis,South Africa,player,false,Scanini Panini World Cup 2026 checklist,https://scanini.app/stickers/south-africa-20-oswin-appollis,
801,SCO 1,SCO,Scotland,Team Logo,Scotland,team_logo,true,Scanini Panini World Cup 2026 checklist,https://scanini.app/stickers/scotland-1-team-logo,
802,SCO 2,SCO,Scotland,Angus Gunn,Scotland,player,false,Scanini Panini World Cup 2026 checklist,https://scanini.app/stickers/scotland-2-angus-gunn,
803,SCO 3,SCO,Scotland,Jack Hendry,Scotland,player,false,Scanini Panini World Cup 2026 checklist,https://scanini.app/stickers/scotland-3-jack-hendry,
804,SCO 4,SCO,Scotland,Kieran Tierney,Scotland,player,false,Scanini Panini World Cup 2026 checklist,https://scanini.app/stickers/scotland-4-kieran-tierney,
805,SCO 5,SCO,Scotland,Aaron Hickey,Scotland,player,false,Scanini Panini World Cup 2026 checklist,https://scanini.app/stickers/scotland-5-aaron-hickey,
806,SCO 6,SCO,Scotland,Andrew Robertson,Scotland,player,false,Scanini Panini World Cup 2026 checklist,https://scanini.app/stickers/scotland-6-andrew-robertson,
807,SCO 7,SCO,Scotland,Scott McKenna,Scotland,player,false,Scanini Panini World Cup 2026 checklist,https://scanini.app/stickers/scotland-7-scott-mckenna,
808,SCO 8,SCO,Scotland,John Souttar,Scotland,player,false,Scanini Panini World Cup 2026 checklist,https://scanini.app/stickers/scotland-8-john-souttar,
809,SCO 9,SCO,Scotland,Anthony Ralston,Scotland,player,false,Scanini Panini World Cup 2026 checklist,https://scanini.app/stickers/scotland-9-anthony-ralston,
810,SCO 10,SCO,Scotland,Grant Hanley,Scotland,player,false,Scanini Panini World Cup 2026 checklist,https://scanini.app/stickers/scotland-10-grant-hanley,
811,SCO 11,SCO,Scotland,Scott McTominay,Scotland,player,false,Scanini Panini World Cup 2026 checklist,https://scanini.app/stickers/scotland-11-scott-mctominay,
812,SCO 12,SCO,Scotland,Billy Gilmour,Scotland,player,false,Scanini Panini World Cup 2026 checklist,https://scanini.app/stickers/scotland-12-billy-gilmour,
813,SCO 13,SCO,Scotland,Team Photo,Scotland,team_photo,false,Scanini Panini World Cup 2026 checklist,https://scanini.app/stickers/scotland-13-team-photo,
814,SCO 14,SCO,Scotland,Lewis Ferguson,Scotland,player,false,Scanini Panini World Cup 2026 checklist,https://scanini.app/stickers/scotland-14-lewis-ferguson,
815,SCO 15,SCO,Scotland,Ryan Christie,Scotland,player,false,Scanini Panini World Cup 2026 checklist,https://scanini.app/stickers/scotland-15-ryan-christie,
816,SCO 16,SCO,Scotland,Kenny McLean,Scotland,player,false,Scanini Panini World Cup 2026 checklist,https://scanini.app/stickers/scotland-16-kenny-mclean,
817,SCO 17,SCO,Scotland,John McGinn,Scotland,player,false,Scanini Panini World Cup 2026 checklist,https://scanini.app/stickers/scotland-17-john-mcginn,
818,SCO 18,SCO,Scotland,Lyndon Dykes,Scotland,player,false,Scanini Panini World Cup 2026 checklist,https://scanini.app/stickers/scotland-18-lyndon-dykes,
819,SCO 19,SCO,Scotland,Che Adams,Scotland,player,false,Scanini Panini World Cup 2026 checklist,https://scanini.app/stickers/scotland-19-che-adams,
820,SCO 20,SCO,Scotland,Ben Gannon-Doak,Scotland,player,false,Scanini Panini World Cup 2026 checklist,https://scanini.app/stickers/scotland-20-ben-gannon-doak,
821,SEN 1,SEN,Senegal,Team Logo,Senegal,team_logo,true,Scanini Panini World Cup 2026 checklist,https://scanini.app/stickers/senegal-1-team-logo,
822,SEN 2,SEN,Senegal,Edouard Mendy,Senegal,player,false,Scanini Panini World Cup 2026 checklist,https://scanini.app/stickers/senegal-2-edouard-mendy,
823,SEN 3,SEN,Senegal,Yehvann Diouf,Senegal,player,false,Scanini Panini World Cup 2026 checklist,https://scanini.app/stickers/senegal-3-yehvann-diouf,
824,SEN 4,SEN,Senegal,Moussa Niakhaté,Senegal,player,false,Scanini Panini World Cup 2026 checklist,https://scanini.app/stickers/senegal-4-moussa-niakhate,
825,SEN 5,SEN,Senegal,Abdoulaye Seck,Senegal,player,false,Scanini Panini World Cup 2026 checklist,https://scanini.app/stickers/senegal-5-abdoulaye-seck,
826,SEN 6,SEN,Senegal,Ismail Jakobs,Senegal,player,false,Scanini Panini World Cup 2026 checklist,https://scanini.app/stickers/senegal-6-ismail-jakobs,
827,SEN 7,SEN,Senegal,El Hadji Malick Diouf,Senegal,player,false,Scanini Panini World Cup 2026 checklist,https://scanini.app/stickers/senegal-7-el-hadji-malick-diouf,
828,SEN 8,SEN,Senegal,Kalidou Koulibaly,Senegal,player,false,Scanini Panini World Cup 2026 checklist,https://scanini.app/stickers/senegal-8-kalidou-koulibaly,
829,SEN 9,SEN,Senegal,Idrissa Gana Gueye,Senegal,player,false,Scanini Panini World Cup 2026 checklist,https://scanini.app/stickers/senegal-9-idrissa-gana-gueye,
830,SEN 10,SEN,Senegal,Pape Matar Sarr,Senegal,player,false,Scanini Panini World Cup 2026 checklist,https://scanini.app/stickers/senegal-10-pape-matar-sarr,
831,SEN 11,SEN,Senegal,Pape Gueye,Senegal,player,false,Scanini Panini World Cup 2026 checklist,https://scanini.app/stickers/senegal-11-pape-gueye,
832,SEN 12,SEN,Senegal,Habib Diarra,Senegal,player,false,Scanini Panini World Cup 2026 checklist,https://scanini.app/stickers/senegal-12-habib-diarra,
833,SEN 13,SEN,Senegal,Team Photo,Senegal,team_photo,false,Scanini Panini World Cup 2026 checklist,https://scanini.app/stickers/senegal-13-team-photo,
834,SEN 14,SEN,Senegal,Lamine Camara,Senegal,player,false,Scanini Panini World Cup 2026 checklist,https://scanini.app/stickers/senegal-14-lamine-camara,
835,SEN 15,SEN,Senegal,Sadio Mane,Senegal,player,false,Scanini Panini World Cup 2026 checklist,https://scanini.app/stickers/senegal-15-sadio-mane,
836,SEN 16,SEN,Senegal,Ismaïla Sarr,Senegal,player,false,Scanini Panini World Cup 2026 checklist,https://scanini.app/stickers/senegal-16-ismaila-sarr,
837,SEN 17,SEN,Senegal,Boulaye Dia,Senegal,player,false,Scanini Panini World Cup 2026 checklist,https://scanini.app/stickers/senegal-17-boulaye-dia,
838,SEN 18,SEN,Senegal,Iliman Ndiaye,Senegal,player,false,Scanini Panini World Cup 2026 checklist,https://scanini.app/stickers/senegal-18-iliman-ndiaye,
839,SEN 19,SEN,Senegal,Nicolas Jackson,Senegal,player,false,Scanini Panini World Cup 2026 checklist,https://scanini.app/stickers/senegal-19-nicolas-jackson,
840,SEN 20,SEN,Senegal,Krepin Diatta,Senegal,player,false,Scanini Panini World Cup 2026 checklist,https://scanini.app/stickers/senegal-20-krepin-diatta,
841,SUI 1,SUI,Switzerland,Team Logo,Switzerland,team_logo,true,Scanini Panini World Cup 2026 checklist,https://scanini.app/stickers/switzerland-1-team-logo,
842,SUI 2,SUI,Switzerland,Gregor Kobel,Switzerland,player,false,Scanini Panini World Cup 2026 checklist,https://scanini.app/stickers/switzerland-2-gregor-kobel,
843,SUI 3,SUI,Switzerland,Yvon Mvogo,Switzerland,player,false,Scanini Panini World Cup 2026 checklist,https://scanini.app/stickers/switzerland-3-yvon-mvogo,
844,SUI 4,SUI,Switzerland,Manuel Akanji,Switzerland,player,false,Scanini Panini World Cup 2026 checklist,https://scanini.app/stickers/switzerland-4-manuel-akanji,
845,SUI 5,SUI,Switzerland,Ricardo Rodriguez,Switzerland,player,false,Scanini Panini World Cup 2026 checklist,https://scanini.app/stickers/switzerland-5-ricardo-rodriguez,
846,SUI 6,SUI,Switzerland,Nico Elvedi,Switzerland,player,false,Scanini Panini World Cup 2026 checklist,https://scanini.app/stickers/switzerland-6-nico-elvedi,
847,SUI 7,SUI,Switzerland,Aurèle Amenda,Switzerland,player,false,Scanini Panini World Cup 2026 checklist,https://scanini.app/stickers/switzerland-7-aurele-amenda,
848,SUI 8,SUI,Switzerland,Silvan Widmer,Switzerland,player,false,Scanini Panini World Cup 2026 checklist,https://scanini.app/stickers/switzerland-8-silvan-widmer,
849,SUI 9,SUI,Switzerland,Granit Xhaka,Switzerland,player,false,Scanini Panini World Cup 2026 checklist,https://scanini.app/stickers/switzerland-9-granit-xhaka,
850,SUI 10,SUI,Switzerland,Denis Zakaria,Switzerland,player,false,Scanini Panini World Cup 2026 checklist,https://scanini.app/stickers/switzerland-10-denis-zakaria,
851,SUI 11,SUI,Switzerland,Remo Freuler,Switzerland,player,false,Scanini Panini World Cup 2026 checklist,https://scanini.app/stickers/switzerland-11-remo-freuler,
852,SUI 12,SUI,Switzerland,Fabian Rieder,Switzerland,player,false,Scanini Panini World Cup 2026 checklist,https://scanini.app/stickers/switzerland-12-fabian-rieder,
853,SUI 13,SUI,Switzerland,Team Photo,Switzerland,team_photo,false,Scanini Panini World Cup 2026 checklist,https://scanini.app/stickers/switzerland-13-team-photo,
854,SUI 14,SUI,Switzerland,Ardon Jashari,Switzerland,player,false,Scanini Panini World Cup 2026 checklist,https://scanini.app/stickers/switzerland-14-ardon-jashari,
855,SUI 15,SUI,Switzerland,Johan Manzambi,Switzerland,player,false,Scanini Panini World Cup 2026 checklist,https://scanini.app/stickers/switzerland-15-johan-manzambi,
856,SUI 16,SUI,Switzerland,Michel Aebischer,Switzerland,player,false,Scanini Panini World Cup 2026 checklist,https://scanini.app/stickers/switzerland-16-michel-aebischer,
857,SUI 17,SUI,Switzerland,Breel Embolo,Switzerland,player,false,Scanini Panini World Cup 2026 checklist,https://scanini.app/stickers/switzerland-17-breel-embolo,
858,SUI 18,SUI,Switzerland,Ruben Vargas,Switzerland,player,false,Scanini Panini World Cup 2026 checklist,https://scanini.app/stickers/switzerland-18-ruben-vargas,
859,SUI 19,SUI,Switzerland,Dan Ndoye,Switzerland,player,false,Scanini Panini World Cup 2026 checklist,https://scanini.app/stickers/switzerland-19-dan-ndoye,
860,SUI 20,SUI,Switzerland,Zeki Amdouni,Switzerland,player,false,Scanini Panini World Cup 2026 checklist,https://scanini.app/stickers/switzerland-20-zeki-amdouni,
861,SWE 1,SWE,Sweden,Team Logo,Sweden,team_logo,true,Scanini Panini World Cup 2026 checklist,https://scanini.app/stickers/sweden-1-team-logo,
862,SWE 2,SWE,Sweden,Victor Johansson,Sweden,player,false,Scanini Panini World Cup 2026 checklist,https://scanini.app/stickers/sweden-2-victor-johansson,
863,SWE 3,SWE,Sweden,Isak Hien,Sweden,player,false,Scanini Panini World Cup 2026 checklist,https://scanini.app/stickers/sweden-3-isak-hien,
864,SWE 4,SWE,Sweden,Gabriel Gudmundsson,Sweden,player,false,Scanini Panini World Cup 2026 checklist,https://scanini.app/stickers/sweden-4-gabriel-gudmundsson,
865,SWE 5,SWE,Sweden,Emil Holm,Sweden,player,false,Scanini Panini World Cup 2026 checklist,https://scanini.app/stickers/sweden-5-emil-holm,
866,SWE 6,SWE,Sweden,Victor Nilsson Lindelöf,Sweden,player,false,Scanini Panini World Cup 2026 checklist,https://scanini.app/stickers/sweden-6-victor-nilsson-lindelof,
867,SWE 7,SWE,Sweden,Gustaf Lagerbielke,Sweden,player,false,Scanini Panini World Cup 2026 checklist,https://scanini.app/stickers/sweden-7-gustaf-lagerbielke,
868,SWE 8,SWE,Sweden,Lucas Bergvall,Sweden,player,false,Scanini Panini World Cup 2026 checklist,https://scanini.app/stickers/sweden-8-lucas-bergvall,
869,SWE 9,SWE,Sweden,Hugo Larsson,Sweden,player,false,Scanini Panini World Cup 2026 checklist,https://scanini.app/stickers/sweden-9-hugo-larsson,
870,SWE 10,SWE,Sweden,Jesper Karlström,Sweden,player,false,Scanini Panini World Cup 2026 checklist,https://scanini.app/stickers/sweden-10-jesper-karlstrom,
871,SWE 11,SWE,Sweden,Yasin Ayari,Sweden,player,false,Scanini Panini World Cup 2026 checklist,https://scanini.app/stickers/sweden-11-yasin-ayari,
872,SWE 12,SWE,Sweden,Mattias Svanberg,Sweden,player,false,Scanini Panini World Cup 2026 checklist,https://scanini.app/stickers/sweden-12-mattias-svanberg,
873,SWE 13,SWE,Sweden,Team Photo,Sweden,team_photo,false,Scanini Panini World Cup 2026 checklist,https://scanini.app/stickers/sweden-13-team-photo,
874,SWE 14,SWE,Sweden,Daniel Svensson,Sweden,player,false,Scanini Panini World Cup 2026 checklist,https://scanini.app/stickers/sweden-14-daniel-svensson,
875,SWE 15,SWE,Sweden,Ken Sema,Sweden,player,false,Scanini Panini World Cup 2026 checklist,https://scanini.app/stickers/sweden-15-ken-sema,
876,SWE 16,SWE,Sweden,Roony Bardghji,Sweden,player,false,Scanini Panini World Cup 2026 checklist,https://scanini.app/stickers/sweden-16-roony-bardghji,
877,SWE 17,SWE,Sweden,Dejan Kulusevski,Sweden,player,false,Scanini Panini World Cup 2026 checklist,https://scanini.app/stickers/sweden-17-dejan-kulusevski,
878,SWE 18,SWE,Sweden,Anthony Elanga,Sweden,player,false,Scanini Panini World Cup 2026 checklist,https://scanini.app/stickers/sweden-18-anthony-elanga,
879,SWE 19,SWE,Sweden,Alexander Isak,Sweden,player,false,Scanini Panini World Cup 2026 checklist,https://scanini.app/stickers/sweden-19-alexander-isak,
880,SWE 20,SWE,Sweden,Viktor Gyökeres,Sweden,player,false,Scanini Panini World Cup 2026 checklist,https://scanini.app/stickers/sweden-20-viktor-gyokeres,
881,TUN 1,TUN,Tunisia,Team Logo,Tunisia,team_logo,true,Scanini Panini World Cup 2026 checklist,https://scanini.app/stickers/tunisia-1-team-logo,
882,TUN 2,TUN,Tunisia,Bechir Ben Said,Tunisia,player,false,Scanini Panini World Cup 2026 checklist,https://scanini.app/stickers/tunisia-2-bechir-ben-said,
883,TUN 3,TUN,Tunisia,Aymen Dahmen,Tunisia,player,false,Scanini Panini World Cup 2026 checklist,https://scanini.app/stickers/tunisia-3-aymen-dahmen,
884,TUN 4,TUN,Tunisia,Yan Valery,Tunisia,player,false,Scanini Panini World Cup 2026 checklist,https://scanini.app/stickers/tunisia-4-yan-valery,
885,TUN 5,TUN,Tunisia,Montassar Talbi,Tunisia,player,false,Scanini Panini World Cup 2026 checklist,https://scanini.app/stickers/tunisia-5-montassar-talbi,
886,TUN 6,TUN,Tunisia,Yassine Meriah,Tunisia,player,false,Scanini Panini World Cup 2026 checklist,https://scanini.app/stickers/tunisia-6-yassine-meriah,
887,TUN 7,TUN,Tunisia,Ali Abdi,Tunisia,player,false,Scanini Panini World Cup 2026 checklist,https://scanini.app/stickers/tunisia-7-ali-abdi,
888,TUN 8,TUN,Tunisia,Dylan Bronn,Tunisia,player,false,Scanini Panini World Cup 2026 checklist,https://scanini.app/stickers/tunisia-8-dylan-bronn,
889,TUN 9,TUN,Tunisia,Ellyes Skhiri,Tunisia,player,false,Scanini Panini World Cup 2026 checklist,https://scanini.app/stickers/tunisia-9-ellyes-skhiri,
890,TUN 10,TUN,Tunisia,Aissa Laidouni,Tunisia,player,false,Scanini Panini World Cup 2026 checklist,https://scanini.app/stickers/tunisia-10-aissa-laidouni,
891,TUN 11,TUN,Tunisia,Ferjani Sassi,Tunisia,player,false,Scanini Panini World Cup 2026 checklist,https://scanini.app/stickers/tunisia-11-ferjani-sassi,
892,TUN 12,TUN,Tunisia,Mohamed Ali Ben Romdhane,Tunisia,player,false,Scanini Panini World Cup 2026 checklist,https://scanini.app/stickers/tunisia-12-mohamed-ali-ben-romdhane,
893,TUN 13,TUN,Tunisia,Team Photo,Tunisia,team_photo,false,Scanini Panini World Cup 2026 checklist,https://scanini.app/stickers/tunisia-13-team-photo,
894,TUN 14,TUN,Tunisia,Hannibal Mejbri,Tunisia,player,false,Scanini Panini World Cup 2026 checklist,https://scanini.app/stickers/tunisia-14-hannibal-mejbri,
895,TUN 15,TUN,Tunisia,Elias Achouri,Tunisia,player,false,Scanini Panini World Cup 2026 checklist,https://scanini.app/stickers/tunisia-15-elias-achouri,
896,TUN 16,TUN,Tunisia,Elias Saad,Tunisia,player,false,Scanini Panini World Cup 2026 checklist,https://scanini.app/stickers/tunisia-16-elias-saad,
897,TUN 17,TUN,Tunisia,Hazem Mastouri,Tunisia,player,false,Scanini Panini World Cup 2026 checklist,https://scanini.app/stickers/tunisia-17-hazem-mastouri,
898,TUN 18,TUN,Tunisia,Ismael Gharbi,Tunisia,player,false,Scanini Panini World Cup 2026 checklist,https://scanini.app/stickers/tunisia-18-ismael-gharbi,
899,TUN 19,TUN,Tunisia,Sayfallah Ltaief,Tunisia,player,false,Scanini Panini World Cup 2026 checklist,https://scanini.app/stickers/tunisia-19-sayfallah-ltaief,
900,TUN 20,TUN,Tunisia,Naim Sliti,Tunisia,player,false,Scanini Panini World Cup 2026 checklist,https://scanini.app/stickers/tunisia-20-naim-sliti,
901,TUR 1,TUR,Turkey,Team Logo,Turkey,team_logo,true,Scanini Panini World Cup 2026 checklist,https://scanini.app/stickers/turkey-1-team-logo,
902,TUR 2,TUR,Turkey,Ugurcan Cakir,Turkey,player,false,Scanini Panini World Cup 2026 checklist,https://scanini.app/stickers/turkey-2-ugurcan-cakir,
903,TUR 3,TUR,Turkey,Mert Muldur,Turkey,player,false,Scanini Panini World Cup 2026 checklist,https://scanini.app/stickers/turkey-3-mert-muldur,
904,TUR 4,TUR,Turkey,Zeki Celik,Turkey,player,false,Scanini Panini World Cup 2026 checklist,https://scanini.app/stickers/turkey-4-zeki-celik,
905,TUR 5,TUR,Turkey,Abdulkerim Bardakci,Turkey,player,false,Scanini Panini World Cup 2026 checklist,https://scanini.app/stickers/turkey-5-abdulkerim-bardakci,
906,TUR 6,TUR,Turkey,Caglar Soyuncu,Turkey,player,false,Scanini Panini World Cup 2026 checklist,https://scanini.app/stickers/turkey-6-caglar-soyuncu,
907,TUR 7,TUR,Turkey,Merih Demiral,Turkey,player,false,Scanini Panini World Cup 2026 checklist,https://scanini.app/stickers/turkey-7-merih-demiral,
908,TUR 8,TUR,Turkey,Ferdi Kadioglu,Turkey,player,false,Scanini Panini World Cup 2026 checklist,https://scanini.app/stickers/turkey-8-ferdi-kadioglu,
909,TUR 9,TUR,Turkey,Kaan Ayhan,Turkey,player,false,Scanini Panini World Cup 2026 checklist,https://scanini.app/stickers/turkey-9-kaan-ayhan,
910,TUR 10,TUR,Turkey,Ismail Yuksek,Turkey,player,false,Scanini Panini World Cup 2026 checklist,https://scanini.app/stickers/turkey-10-ismail-yuksek,
911,TUR 11,TUR,Turkey,Hakan Calhanoglu,Turkey,player,false,Scanini Panini World Cup 2026 checklist,https://scanini.app/stickers/turkey-11-hakan-calhanoglu,
912,TUR 12,TUR,Turkey,Orkun Kokcu,Turkey,player,false,Scanini Panini World Cup 2026 checklist,https://scanini.app/stickers/turkey-12-orkun-kokcu,
913,TUR 13,TUR,Turkey,Team Photo,Turkey,team_photo,false,Scanini Panini World Cup 2026 checklist,https://scanini.app/stickers/turkey-13-team-photo,
914,TUR 14,TUR,Turkey,Arda Guler,Turkey,player,false,Scanini Panini World Cup 2026 checklist,https://scanini.app/stickers/turkey-14-arda-guler,
915,TUR 15,TUR,Turkey,Irfan Can Kahveci,Turkey,player,false,Scanini Panini World Cup 2026 checklist,https://scanini.app/stickers/turkey-15-irfan-can-kahveci,
916,TUR 16,TUR,Turkey,Yunus Akgun,Turkey,player,false,Scanini Panini World Cup 2026 checklist,https://scanini.app/stickers/turkey-16-yunus-akgun,
917,TUR 17,TUR,Turkey,Can Uzun,Turkey,player,false,Scanini Panini World Cup 2026 checklist,https://scanini.app/stickers/turkey-17-can-uzun,
918,TUR 18,TUR,Turkey,Baris Alper Yilmaz,Turkey,player,false,Scanini Panini World Cup 2026 checklist,https://scanini.app/stickers/turkey-18-baris-alper-yilmaz,
919,TUR 19,TUR,Turkey,Kerem Akturkoglu,Turkey,player,false,Scanini Panini World Cup 2026 checklist,https://scanini.app/stickers/turkey-19-kerem-akturkoglu,
920,TUR 20,TUR,Turkey,Kenan Yildiz,Turkey,player,false,Scanini Panini World Cup 2026 checklist,https://scanini.app/stickers/turkey-20-kenan-yildiz,
921,URU 1,URU,Uruguay,Team Logo,Uruguay,team_logo,true,Scanini Panini World Cup 2026 checklist,https://scanini.app/stickers/uruguay-1-team-logo,
922,URU 2,URU,Uruguay,Sergio Rochet,Uruguay,player,false,Scanini Panini World Cup 2026 checklist,https://scanini.app/stickers/uruguay-2-sergio-rochet,
923,URU 3,URU,Uruguay,Santiago Mele,Uruguay,player,false,Scanini Panini World Cup 2026 checklist,https://scanini.app/stickers/uruguay-3-santiago-mele,
924,URU 4,URU,Uruguay,Ronald Araujo,Uruguay,player,false,Scanini Panini World Cup 2026 checklist,https://scanini.app/stickers/uruguay-4-ronald-araujo,
925,URU 5,URU,Uruguay,José María Giménez,Uruguay,player,false,Scanini Panini World Cup 2026 checklist,https://scanini.app/stickers/uruguay-5-jose-maria-gimenez,
926,URU 6,URU,Uruguay,Sebastian Caceres,Uruguay,player,false,Scanini Panini World Cup 2026 checklist,https://scanini.app/stickers/uruguay-6-sebastian-caceres,
927,URU 7,URU,Uruguay,Mathias Olivera,Uruguay,player,false,Scanini Panini World Cup 2026 checklist,https://scanini.app/stickers/uruguay-7-mathias-olivera,
928,URU 8,URU,Uruguay,Guillermo Varela,Uruguay,player,false,Scanini Panini World Cup 2026 checklist,https://scanini.app/stickers/uruguay-8-guillermo-varela,
929,URU 9,URU,Uruguay,Nahitan Nandez,Uruguay,player,false,Scanini Panini World Cup 2026 checklist,https://scanini.app/stickers/uruguay-9-nahitan-nandez,
930,URU 10,URU,Uruguay,Federico Valverde,Uruguay,player,false,Scanini Panini World Cup 2026 checklist,https://scanini.app/stickers/uruguay-10-federico-valverde,
931,URU 11,URU,Uruguay,Giorgian De Arrascaeta,Uruguay,player,false,Scanini Panini World Cup 2026 checklist,https://scanini.app/stickers/uruguay-11-giorgian-de-arrascaeta,
932,URU 12,URU,Uruguay,Rodrigo Bentancur,Uruguay,player,false,Scanini Panini World Cup 2026 checklist,https://scanini.app/stickers/uruguay-12-rodrigo-bentancur,
933,URU 13,URU,Uruguay,Team Photo,Uruguay,team_photo,false,Scanini Panini World Cup 2026 checklist,https://scanini.app/stickers/uruguay-13-team-photo,
934,URU 14,URU,Uruguay,Manuel Ugarte,Uruguay,player,false,Scanini Panini World Cup 2026 checklist,https://scanini.app/stickers/uruguay-14-manuel-ugarte,
935,URU 15,URU,Uruguay,Nicolás de la Cruz,Uruguay,player,false,Scanini Panini World Cup 2026 checklist,https://scanini.app/stickers/uruguay-15-nicolas-de-la-cruz,
936,URU 16,URU,Uruguay,Maxi Araujo,Uruguay,player,false,Scanini Panini World Cup 2026 checklist,https://scanini.app/stickers/uruguay-16-maxi-araujo,
937,URU 17,URU,Uruguay,Darwin Núñez,Uruguay,player,false,Scanini Panini World Cup 2026 checklist,https://scanini.app/stickers/uruguay-17-darwin-nunez,
938,URU 18,URU,Uruguay,Federico Viñas,Uruguay,player,false,Scanini Panini World Cup 2026 checklist,https://scanini.app/stickers/uruguay-18-federico-vinas,
939,URU 19,URU,Uruguay,Rodrigo Aguirre,Uruguay,player,false,Scanini Panini World Cup 2026 checklist,https://scanini.app/stickers/uruguay-19-rodrigo-aguirre,
940,URU 20,URU,Uruguay,Facundo Pellistri,Uruguay,player,false,Scanini Panini World Cup 2026 checklist,https://scanini.app/stickers/uruguay-20-facundo-pellistri,
941,USA 1,USA,United States,Team Logo,United States,team_logo,true,Scanini Panini World Cup 2026 checklist,https://scanini.app/stickers/united-states-1-team-logo,
942,USA 2,USA,United States,Math Freese,United States,player,false,Scanini Panini World Cup 2026 checklist,https://scanini.app/stickers/united-states-2-math-freese,
943,USA 3,USA,United States,Chris Richards,United States,player,false,Scanini Panini World Cup 2026 checklist,https://scanini.app/stickers/united-states-3-chris-richards,
944,USA 4,USA,United States,Tim Ream,United States,player,false,Scanini Panini World Cup 2026 checklist,https://scanini.app/stickers/united-states-4-tim-ream,
945,USA 5,USA,United States,Mark McKenzie,United States,player,false,Scanini Panini World Cup 2026 checklist,https://scanini.app/stickers/united-states-5-mark-mckenzie,
946,USA 6,USA,United States,Alex Freeman,United States,player,false,Scanini Panini World Cup 2026 checklist,https://scanini.app/stickers/united-states-6-alex-freeman,
947,USA 7,USA,United States,Antonee Robinson,United States,player,false,Scanini Panini World Cup 2026 checklist,https://scanini.app/stickers/united-states-7-antonee-robinson,
948,USA 8,USA,United States,Tyler Adams,United States,player,false,Scanini Panini World Cup 2026 checklist,https://scanini.app/stickers/united-states-8-tyler-adams,
949,USA 9,USA,United States,Tanner Tessmann,United States,player,false,Scanini Panini World Cup 2026 checklist,https://scanini.app/stickers/united-states-9-tanner-tessmann,
950,USA 10,USA,United States,Weston McKenny,United States,player,false,Scanini Panini World Cup 2026 checklist,https://scanini.app/stickers/united-states-10-weston-mckenny,
951,USA 11,USA,United States,Christian Roldan,United States,player,false,Scanini Panini World Cup 2026 checklist,https://scanini.app/stickers/united-states-11-christian-roldan,
952,USA 12,USA,United States,Timothy Weah,United States,player,false,Scanini Panini World Cup 2026 checklist,https://scanini.app/stickers/united-states-12-timothy-weah,
953,USA 13,USA,United States,Team Photo,United States,team_photo,false,Scanini Panini World Cup 2026 checklist,https://scanini.app/stickers/united-states-13-team-photo,
954,USA 14,USA,United States,Diego Luna,United States,player,false,Scanini Panini World Cup 2026 checklist,https://scanini.app/stickers/united-states-14-diego-luna,
955,USA 15,USA,United States,Malik Tillman,United States,player,false,Scanini Panini World Cup 2026 checklist,https://scanini.app/stickers/united-states-15-malik-tillman,
956,USA 16,USA,United States,Christian Pulisic,United States,player,false,Scanini Panini World Cup 2026 checklist,https://scanini.app/stickers/united-states-16-christian-pulisic,
957,USA 17,USA,United States,Brenden Aaronson,United States,player,false,Scanini Panini World Cup 2026 checklist,https://scanini.app/stickers/united-states-17-brenden-aaronson,
958,USA 18,USA,United States,Ricardo Pepi,United States,player,false,Scanini Panini World Cup 2026 checklist,https://scanini.app/stickers/united-states-18-ricardo-pepi,
959,USA 19,USA,United States,Haji Wright,United States,player,false,Scanini Panini World Cup 2026 checklist,https://scanini.app/stickers/united-states-19-haji-wright,
960,USA 20,USA,United States,Folarin Balogun,United States,player,false,Scanini Panini World Cup 2026 checklist,https://scanini.app/stickers/united-states-20-folarin-balogun,
961,UZB 1,UZB,Uzbekistan,Team Logo,Uzbekistan,team_logo,true,Scanini Panini World Cup 2026 checklist,https://scanini.app/stickers/uzbekistan-1-team-logo,
962,UZB 2,UZB,Uzbekistan,Utkir Yusupov,Uzbekistan,player,false,Scanini Panini World Cup 2026 checklist,https://scanini.app/stickers/uzbekistan-2-utkir-yusupov,
963,UZB 3,UZB,Uzbekistan,Farrukh Savfiev,Uzbekistan,player,false,Scanini Panini World Cup 2026 checklist,https://scanini.app/stickers/uzbekistan-3-farrukh-savfiev,
964,UZB 4,UZB,Uzbekistan,Sherzod Nasrullaev,Uzbekistan,player,false,Scanini Panini World Cup 2026 checklist,https://scanini.app/stickers/uzbekistan-4-sherzod-nasrullaev,
965,UZB 5,UZB,Uzbekistan,Umar Eshmurodov,Uzbekistan,player,false,Scanini Panini World Cup 2026 checklist,https://scanini.app/stickers/uzbekistan-5-umar-eshmurodov,
966,UZB 6,UZB,Uzbekistan,Husniddin Aliqulov,Uzbekistan,player,false,Scanini Panini World Cup 2026 checklist,https://scanini.app/stickers/uzbekistan-6-husniddin-aliqulov,
967,UZB 7,UZB,Uzbekistan,Rustamjon Ashurmatov,Uzbekistan,player,false,Scanini Panini World Cup 2026 checklist,https://scanini.app/stickers/uzbekistan-7-rustamjon-ashurmatov,
968,UZB 8,UZB,Uzbekistan,Khojiakbar Alijonov,Uzbekistan,player,false,Scanini Panini World Cup 2026 checklist,https://scanini.app/stickers/uzbekistan-8-khojiakbar-alijonov,
969,UZB 9,UZB,Uzbekistan,Abdukodir Khusanov,Uzbekistan,player,false,Scanini Panini World Cup 2026 checklist,https://scanini.app/stickers/uzbekistan-9-abdukodir-khusanov,
970,UZB 10,UZB,Uzbekistan,Odiljon Hamrobekov,Uzbekistan,player,false,Scanini Panini World Cup 2026 checklist,https://scanini.app/stickers/uzbekistan-10-odiljon-hamrobekov,
971,UZB 11,UZB,Uzbekistan,Otabek Shukurov,Uzbekistan,player,false,Scanini Panini World Cup 2026 checklist,https://scanini.app/stickers/uzbekistan-11-otabek-shukurov,
972,UZB 12,UZB,Uzbekistan,Jamshid Iskanderov,Uzbekistan,player,false,Scanini Panini World Cup 2026 checklist,https://scanini.app/stickers/uzbekistan-12-jamshid-iskanderov,
973,UZB 13,UZB,Uzbekistan,Team Photo,Uzbekistan,team_photo,false,Scanini Panini World Cup 2026 checklist,https://scanini.app/stickers/uzbekistan-13-team-photo,
974,UZB 14,UZB,Uzbekistan,Azizbek Turgunboev,Uzbekistan,player,false,Scanini Panini World Cup 2026 checklist,https://scanini.app/stickers/uzbekistan-14-azizbek-turgunboev,
975,UZB 15,UZB,Uzbekistan,Khojimat Erkinov,Uzbekistan,player,false,Scanini Panini World Cup 2026 checklist,https://scanini.app/stickers/uzbekistan-15-khojimat-erkinov,
976,UZB 16,UZB,Uzbekistan,Eldor Shomurodov,Uzbekistan,player,false,Scanini Panini World Cup 2026 checklist,https://scanini.app/stickers/uzbekistan-16-eldor-shomurodov,
977,UZB 17,UZB,Uzbekistan,Oston Urunov,Uzbekistan,player,false,Scanini Panini World Cup 2026 checklist,https://scanini.app/stickers/uzbekistan-17-oston-urunov,
978,UZB 18,UZB,Uzbekistan,Jaloliddin Masharipov,Uzbekistan,player,false,Scanini Panini World Cup 2026 checklist,https://scanini.app/stickers/uzbekistan-18-jaloliddin-masharipov,
979,UZB 19,UZB,Uzbekistan,Igor Sergeev,Uzbekistan,player,false,Scanini Panini World Cup 2026 checklist,https://scanini.app/stickers/uzbekistan-19-igor-sergeev,
980,UZB 20,UZB,Uzbekistan,Abbosbek Fayzullaev,Uzbekistan,player,false,Scanini Panini World Cup 2026 checklist,https://scanini.app/stickers/uzbekistan-20-abbosbek-fayzullaev,
